id,firstname,lastname,email,email2,profession,Field Name
100,Glenda,Dudley,Glenda.Dudley@yopmail.com,Glenda.Dudley@gmail.com,firefighter,1
101,Gertrud,Magnolia,Gertrud.Magnolia@yopmail.com,Gertrud.Magnolia@gmail.com,police officer,2
102,Valeda,Tarrant,Valeda.Tarrant@yopmail.com,Valeda.Tarrant@gmail.com,police officer,3
103,Emylee,Pernick,Emylee.Pernick@yopmail.com,Emylee.Pernick@gmail.com,worker,4
104,Rosanne,Arley,Rosanne.Arley@yopmail.com,Rosanne.Arley@gmail.com,firefighter,5
105,Justinn,Caitlin,Justinn.Caitlin@yopmail.com,Justinn.Caitlin@gmail.com,firefighter,6
106,Sidoney,Maryanne,Sidoney.Maryanne@yopmail.com,Sidoney.Maryanne@gmail.com,developer,7
107,Karlee,Lilas,Karlee.Lilas@yopmail.com,Karlee.Lilas@gmail.com,police officer,8
108,Tilly,Kravits,Tilly.Kravits@yopmail.com,Tilly.Kravits@gmail.com,doctor,9
109,Rani,Gilbertson,Rani.Gilbertson@yopmail.com,Rani.Gilbertson@gmail.com,police officer,10
110,Brena,Howlyn,Brena.Howlyn@yopmail.com,Brena.Howlyn@gmail.com,doctor,11
111,Laure,Bollay,Laure.Bollay@yopmail.com,Laure.Bollay@gmail.com,worker,12
112,Emmey,https://www.kufar.by/hallelujah=44312,Emmey.Wildermuth@yopmail.com,Emmey.Wildermuth@gmail.com,developer,13
113,Charlena,Kravits,Charlena.Kravits@yopmail.com,Charlena.Kravits@gmail.com,worker,14
114,Emelina,Hourigan,Emelina.Hourigan@yopmail.com,Emelina.Hourigan@gmail.com,police officer,15
115,Evaleen,Hilbert,Evaleen.Hilbert@yopmail.com,Evaleen.Hilbert@gmail.com,firefighter,16
116,Tera,Tjon,Tera.Tjon@yopmail.com,Tera.Tjon@gmail.com,developer,17
117,Maryellen,Leary,Maryellen.Leary@yopmail.com,Maryellen.Leary@gmail.com,worker,18
118,Damaris,Blase,https://www.kufar.by/hallelujah=8965757,https://www.kufar.by/hallelujah=12435,developer,19
119,Josephine,Zitvaa,Josephine.Zitvaa@yopmail.com,Josephine.Zitvaa@gmail.com,firefighter,20
120,Mignon,https://www.autocar.by/hallelujah=4431223552325,Mignon.Delila@yopmail.com,Mignon.Delila@gmail.com,worker,21
121,Andree,Schroth,Andree.Schroth@yopmail.com,Andree.Schroth@gmail.com,developer,22
122,Anallese,Bashemeth,https://www.kufar.by/hallelujah=678678687,Anallese.Bashemeth@gmail.com,firefighter,23
123,Sherrie,Hathaway,Sherrie.Hathaway@yopmail.com,Sherrie.Hathaway@gmail.com,police officer,24
124,Aeriela,Buttaro,Aeriela.Buttaro@yopmail.com,Aeriela.Buttaro@gmail.com,developer,25
125,Maurene,Carvey,Maurene.Carvey@yopmail.com,Maurene.Carvey@gmail.com,worker,26
126,Charmaine,Stefa,Charmaine.Stefa@yopmail.com,Charmaine.Stefa@gmail.com,firefighter,27
127,Marika,Zetta,https://www.autocar.by/hallelujah=6867969769,Marika.Zetta@gmail.com,doctor,28
128,Dode,Marisa,Dode.Marisa@yopmail.com,Dode.Marisa@gmail.com,worker,29
129,Kassey,Eben,Kassey.Eben@yopmail.com,Kassey.Eben@gmail.com,police officer,30
130,Paulita,Dalli,Paulita.Dalli@yopmail.com,https://www.kufar.by/hallelujah=44312,Paulita.Dalli@gmail.com,developer,31
131,Averyl,Justinn,Averyl.Justinn@yopmail.com,Averyl.Justinn@gmail.com,police officer,32
132,Agathe,Brackely,Agathe.Brackely@yopmail.com,Agathe.Brackely@gmail.com,police officer,33
133,Nadine,Creamer,Nadine.Creamer@yopmail.com,Nadine.Creamer@gmail.com,worker,34
134,Modestia,Paine,Modestia.Paine@yopmail.com,Modestia.Paine@gmail.com,developer,35
135,Carmela,https://example.com/extra?security=first,second,third&unsecure=Blablabla,Goldina,Carmela.Goldina@yopmail.com,Carmela.Goldina@gmail.com,developer,36
136,Ebonee,Dielu,Ebonee.Dielu@yopmail.com,Ebonee.Dielu@gmail.com,developer,37
137,Marnia,Yam,Marnia.Yam@yopmail.com,Marnia.Yam@gmail.com,developer,38
138,Maridel,Liebermann,Maridel.Liebermann@yopmail.com,Maridel.Liebermann@gmail.com,doctor,39
139,Carol-Jean,Noam,Carol-Jean.Noam@yopmail.com,Carol-Jean.Noam@gmail.com,worker,40
140,Marjie,Edvard,Marjie.Edvard@yopmail.com,Marjie.Edvard@gmail.com,worker,41
141,Latisha,Carmena,Latisha.Carmena@yopmail.com,Latisha.Carmena@gmail.com,police officer,42
142,Heida,Erb,Heida.Erb@yopmail.com,Heida.Erb@gmail.com,firefighter,43
143,Lory,Ailyn,Lory.Ailyn@yopmail.com,Lory.Ailyn@gmail.com,developer,44
144,Hettie,Alejoa,Hettie.Alejoa@yopmail.com,Hettie.Alejoa@gmail.com,worker,45
145,Rani,Granoff,Rani.Granoff@yopmail.com,Rani.Granoff@gmail.com,worker,46
146,Mady,Merat,Mady.Merat@yopmail.com,Mady.Merat@gmail.com,firefighter,47
147,Grier,McCutcheon,Grier.McCutcheon@yopmail.com,Grier.McCutcheon@gmail.com,developer,48
148,Jolyn,Adamsen,Jolyn.Adamsen@yopmail.com,Jolyn.Adamsen@gmail.com,doctor,49
149,Jean,Zrike,Jean.Zrike@yopmail.com,Jean.Zrike@gmail.com,worker,50
150,Lynnea,Mayeda,Lynnea.Mayeda@yopmail.com,Lynnea.Mayeda@gmail.com,police officer,51
151,Tobe,Ummersen,Tobe.Ummersen@yopmail.com,Tobe.Ummersen@gmail.com,worker,52
152,Tami,Blisse,Tami.Blisse@yopmail.com,Tami.Blisse@gmail.com,developer,53
153,Dianemarie,Cavan,Dianemarie.Cavan@yopmail.com,Dianemarie.Cavan@gmail.com,developer,54
154,Minne,Afton,Minne.Afton@yopmail.com,Minne.Afton@gmail.com,doctor,55
155,Emylee,Bahr,Emylee.Bahr@yopmail.com,Emylee.Bahr@gmail.com,firefighter,56
156,Mariele,Demitria,Mariele.Demitria@yopmail.com,Mariele.Demitria@gmail.com,firefighter,57
157,Gwenneth,Wittie,Gwenneth.Wittie@yopmail.com,Gwenneth.Wittie@gmail.com,doctor,58
158,Anestassia,Letsou,Anestassia.Letsou@yopmail.com,Anestassia.Letsou@gmail.com,police officer,59
159,Bill,Andrel,Bill.Andrel@yopmail.com,Bill.Andrel@gmail.com,firefighter,60
160,Alisha,Monk,Alisha.Monk@yopmail.com,Alisha.Monk@gmail.com,firefighter,61
161,Jenilee,Geffner,Jenilee.Geffner@yopmail.com,Jenilee.Geffner@gmail.com,worker,62
162,Tabbatha,Heidt,Tabbatha.Heidt@yopmail.com,Tabbatha.Heidt@gmail.com,firefighter,63
163,Tera,Glovsky,Tera.Glovsky@yopmail.com,Tera.Glovsky@gmail.com,police officer,64
164,Karena,Haldas,Karena.Haldas@yopmail.com,Karena.Haldas@gmail.com,doctor,65
165,Kore,Angelis,Kore.Angelis@yopmail.com,Kore.Angelis@gmail.com,doctor,66
166,Ira,Anderea,Ira.Anderea@yopmail.com,Ira.Anderea@gmail.com,doctor,67
167,Latisha,Margarete,Latisha.Margarete@yopmail.com,Latisha.Margarete@gmail.com,worker,68
168,Nannie,Greyson,Nannie.Greyson@yopmail.com,Nannie.Greyson@gmail.com,doctor,69
169,Atlanta,Francene,Atlanta.Francene@yopmail.com,Atlanta.Francene@gmail.com,doctor,70
170,Desirae,Rugen,Desirae.Rugen@yopmail.com,Desirae.Rugen@gmail.com,firefighter,71
171,Justinn,Imelida,Justinn.Imelida@yopmail.com,Justinn.Imelida@gmail.com,firefighter,72
172,Malina,Ludewig,Malina.Ludewig@yopmail.com,Malina.Ludewig@gmail.com,worker,73
173,Kassey,Frodi,Kassey.Frodi@yopmail.com,Kassey.Frodi@gmail.com,developer,74
174,Marylou,Love,Marylou.Love@yopmail.com,Marylou.Love@gmail.com,worker,75
175,Doro,Lytton,Doro.Lytton@yopmail.com,Doro.Lytton@gmail.com,firefighter,76
176,Margarette,Nance,Margarette.Nance@yopmail.com,Margarette.Nance@gmail.com,doctor,77
177,Binny,Hull,Binny.Hull@yopmail.com,Binny.Hull@gmail.com,police officer,78
178,Aryn,Wu,Aryn.Wu@yopmail.com,Aryn.Wu@gmail.com,doctor,79
179,Cassondra,Martguerita,Cassondra.Martguerita@yopmail.com,Cassondra.Martguerita@gmail.com,worker,80
180,Lesly,Weide,Lesly.Weide@yopmail.com,Lesly.Weide@gmail.com,worker,81
181,Sheree,Othilia,Sheree.Othilia@yopmail.com,Sheree.Othilia@gmail.com,developer,82
182,Doro,Uird,Doro.Uird@yopmail.com,Doro.Uird@gmail.com,developer,83
183,Dale,Kristi,Dale.Kristi@yopmail.com,Dale.Kristi@gmail.com,worker,84
184,Harmonia,Durware,Harmonia.Durware@yopmail.com,Harmonia.Durware@gmail.com,developer,85
185,Tarra,Robertson,Tarra.Robertson@yopmail.com,Tarra.Robertson@gmail.com,police officer,86
186,Carree,Kress,Carree.Kress@yopmail.com,Carree.Kress@gmail.com,worker,87
187,Sam,Infield,Sam.Infield@yopmail.com,Sam.Infield@gmail.com,developer,88
188,Petronia,Alva,Petronia.Alva@yopmail.com,Petronia.Alva@gmail.com,doctor,89
189,Amelia,Bevin,Amelia.Bevin@yopmail.com,Amelia.Bevin@gmail.com,police officer,90
190,Tilly,McClimans,Tilly.McClimans@yopmail.com,Tilly.McClimans@gmail.com,developer,91
191,Amara,Romelda,Amara.Romelda@yopmail.com,Amara.Romelda@gmail.com,doctor,92
192,Zondra,Wolfgram,Zondra.Wolfgram@yopmail.com,Zondra.Wolfgram@gmail.com,worker,93
193,Annabela,Birdella,Annabela.Birdella@yopmail.com,Annabela.Birdella@gmail.com,developer,94
194,Janenna,Wenda,Janenna.Wenda@yopmail.com,Janenna.Wenda@gmail.com,worker,95
195,Codie,Merna,Codie.Merna@yopmail.com,Codie.Merna@gmail.com,worker,96
196,Kathi,Bibi,Kathi.Bibi@yopmail.com,Kathi.Bibi@gmail.com,worker,97
197,Harrietta,Fancie,Harrietta.Fancie@yopmail.com,Harrietta.Fancie@gmail.com,police officer,98
198,Alameda,Means,Alameda.Means@yopmail.com,Alameda.Means@gmail.com,firefighter,99
199,Tybie,Even,Tybie.Even@yopmail.com,Tybie.Even@gmail.com,developer,100
200,Lelah,Allina,Lelah.Allina@yopmail.com,Lelah.Allina@gmail.com,police officer,101
201,Merle,Delp,Merle.Delp@yopmail.com,Merle.Delp@gmail.com,firefighter,102
202,Kayla,Mozelle,Kayla.Mozelle@yopmail.com,Kayla.Mozelle@gmail.com,doctor,103
203,Karolina,Anyah,Karolina.Anyah@yopmail.com,Karolina.Anyah@gmail.com,developer,104
204,Andeee,Raychel,Andeee.Raychel@yopmail.com,Andeee.Raychel@gmail.com,firefighter,105
205,Concettina,Kaete,Concettina.Kaete@yopmail.com,Concettina.Kaete@gmail.com,developer,106
206,Sadie,Kosey,Sadie.Kosey@yopmail.com,Sadie.Kosey@gmail.com,doctor,107
207,Wynne,Pozzy,Wynne.Pozzy@yopmail.com,Wynne.Pozzy@gmail.com,police officer,108
208,Pierette,Hashim,Pierette.Hashim@yopmail.com,Pierette.Hashim@gmail.com,developer,109
209,Chickie,Stover,Chickie.Stover@yopmail.com,Chickie.Stover@gmail.com,doctor,110
210,Nataline,Helve,Nataline.Helve@yopmail.com,Nataline.Helve@gmail.com,police officer,111
211,Merle,Adore,Merle.Adore@yopmail.com,Merle.Adore@gmail.com,doctor,112
212,Keelia,Bord,Keelia.Bord@yopmail.com,Keelia.Bord@gmail.com,doctor,113
213,Mary,Deny,Mary.Deny@yopmail.com,Mary.Deny@gmail.com,firefighter,114
214,Camile,Mott,Camile.Mott@yopmail.com,Camile.Mott@gmail.com,developer,115
215,Aaren,Bivins,Aaren.Bivins@yopmail.com,Aaren.Bivins@gmail.com,doctor,116
216,Amelia,Camden,Amelia.Camden@yopmail.com,Amelia.Camden@gmail.com,firefighter,117
217,Selia,Posner,Selia.Posner@yopmail.com,Selia.Posner@gmail.com,doctor,118
218,Kylynn,Charity,Kylynn.Charity@yopmail.com,Kylynn.Charity@gmail.com,firefighter,119
219,Kimberley,Claudine,Kimberley.Claudine@yopmail.com,Kimberley.Claudine@gmail.com,firefighter,120
220,Desirae,Maiah,Desirae.Maiah@yopmail.com,Desirae.Maiah@gmail.com,worker,121
221,Phedra,Millda,Phedra.Millda@yopmail.com,Phedra.Millda@gmail.com,police officer,122
222,Lucy,Tyson,Lucy.Tyson@yopmail.com,Lucy.Tyson@gmail.com,worker,123
223,Gretal,Colbert,Gretal.Colbert@yopmail.com,Gretal.Colbert@gmail.com,worker,124
224,Raf,Stacy,Raf.Stacy@yopmail.com,Raf.Stacy@gmail.com,worker,125
225,Goldie,Delp,Goldie.Delp@yopmail.com,Goldie.Delp@gmail.com,doctor,126
226,Clementine,Chick,Clementine.Chick@yopmail.com,Clementine.Chick@gmail.com,developer,127
227,Elora,Natalia,Elora.Natalia@yopmail.com,Elora.Natalia@gmail.com,firefighter,128
228,Robinia,Dalli,Robinia.Dalli@yopmail.com,Robinia.Dalli@gmail.com,firefighter,129
229,Miquela,Melleta,Miquela.Melleta@yopmail.com,Miquela.Melleta@gmail.com,developer,130
230,Bettine,Seumas,Bettine.Seumas@yopmail.com,Bettine.Seumas@gmail.com,worker,131
231,Adelle,Tound,Adelle.Tound@yopmail.com,Adelle.Tound@gmail.com,police officer,132
232,Yetty,Brodench,Yetty.Brodench@yopmail.com,Yetty.Brodench@gmail.com,developer,133
233,Joceline,Prouty,Joceline.Prouty@yopmail.com,Joceline.Prouty@gmail.com,developer,134
234,Ruthe,Clie,Ruthe.Clie@yopmail.com,Ruthe.Clie@gmail.com,firefighter,135
235,Audrie,Septima,Audrie.Septima@yopmail.com,Audrie.Septima@gmail.com,doctor,136
236,Maye,Morgun,Maye.Morgun@yopmail.com,Maye.Morgun@gmail.com,doctor,137
237,Lindie,Bevin,Lindie.Bevin@yopmail.com,Lindie.Bevin@gmail.com,doctor,138
238,Elyssa,Ardra,Elyssa.Ardra@yopmail.com,Elyssa.Ardra@gmail.com,police officer,139
239,Adele,Presber,Adele.Presber@yopmail.com,Adele.Presber@gmail.com,doctor,140
240,Noelle,Calhoun,Noelle.Calhoun@yopmail.com,Noelle.Calhoun@gmail.com,firefighter,141
241,Delilah,Pond,Delilah.Pond@yopmail.com,Delilah.Pond@gmail.com,police officer,142
242,Fanny,Nahum,Fanny.Nahum@yopmail.com,Fanny.Nahum@gmail.com,worker,143
243,Tami,Prober,Tami.Prober@yopmail.com,Tami.Prober@gmail.com,police officer,144
244,Lesly,Curren,Lesly.Curren@yopmail.com,Lesly.Curren@gmail.com,police officer,145
245,Feliza,Dorothy,Feliza.Dorothy@yopmail.com,Feliza.Dorothy@gmail.com,developer,146
246,Adelle,Adlare,Adelle.Adlare@yopmail.com,Adelle.Adlare@gmail.com,developer,147
247,Kial,Mozelle,Kial.Mozelle@yopmail.com,Kial.Mozelle@gmail.com,worker,148
248,Lizzie,Faro,Lizzie.Faro@yopmail.com,Lizzie.Faro@gmail.com,firefighter,149
249,Abbie,Cyrie,Abbie.Cyrie@yopmail.com,Abbie.Cyrie@gmail.com,firefighter,150
250,Jessy,Casimir,Jessy.Casimir@yopmail.com,Jessy.Casimir@gmail.com,firefighter,151
251,Mariann,Reneta,Mariann.Reneta@yopmail.com,Mariann.Reneta@gmail.com,police officer,152
252,Candi,Shuler,Candi.Shuler@yopmail.com,Candi.Shuler@gmail.com,police officer,153
253,Blinni,Schlosser,Blinni.Schlosser@yopmail.com,Blinni.Schlosser@gmail.com,police officer,154
254,Leia,Goddard,Leia.Goddard@yopmail.com,Leia.Goddard@gmail.com,police officer,155
255,Layla,Harned,Layla.Harned@yopmail.com,Layla.Harned@gmail.com,developer,156
256,Bernardine,Atonsah,Bernardine.Atonsah@yopmail.com,Bernardine.Atonsah@gmail.com,firefighter,157
257,Emelina,Cleavland,Emelina.Cleavland@yopmail.com,Emelina.Cleavland@gmail.com,firefighter,158
258,Helsa,Sadowski,Helsa.Sadowski@yopmail.com,Helsa.Sadowski@gmail.com,firefighter,159
259,Maisey,Palocz,Maisey.Palocz@yopmail.com,Maisey.Palocz@gmail.com,firefighter,160
260,Zaria,Libna,Zaria.Libna@yopmail.com,Zaria.Libna@gmail.com,police officer,161
261,Therine,Gerge,Therine.Gerge@yopmail.com,Therine.Gerge@gmail.com,firefighter,162
262,Desirae,Wyn,Desirae.Wyn@yopmail.com,Desirae.Wyn@gmail.com,firefighter,163
263,Edyth,Alabaster,Edyth.Alabaster@yopmail.com,Edyth.Alabaster@gmail.com,worker,164
264,Philis,Carleen,Philis.Carleen@yopmail.com,Philis.Carleen@gmail.com,firefighter,165
265,Marylou,Diogenes,Marylou.Diogenes@yopmail.com,Marylou.Diogenes@gmail.com,police officer,166
266,Allis,Peonir,Allis.Peonir@yopmail.com,Allis.Peonir@gmail.com,police officer,167
267,Karina,Egbert,Karina.Egbert@yopmail.com,Karina.Egbert@gmail.com,firefighter,168
268,Elyssa,Lilybelle,Elyssa.Lilybelle@yopmail.com,Elyssa.Lilybelle@gmail.com,firefighter,169
269,Shaylyn,Heidt,Shaylyn.Heidt@yopmail.com,Shaylyn.Heidt@gmail.com,police officer,170
270,Averyl,Dreda,Averyl.Dreda@yopmail.com,Averyl.Dreda@gmail.com,doctor,171
271,Caryl,Anastatius,Caryl.Anastatius@yopmail.com,Caryl.Anastatius@gmail.com,worker,172
272,Randa,Quent,Randa.Quent@yopmail.com,Randa.Quent@gmail.com,doctor,173
273,Sue,Hilbert,Sue.Hilbert@yopmail.com,Sue.Hilbert@gmail.com,doctor,174
274,Giustina,Iphlgenia,Giustina.Iphlgenia@yopmail.com,Giustina.Iphlgenia@gmail.com,doctor,175
275,Jemie,Glenden,Jemie.Glenden@yopmail.com,Jemie.Glenden@gmail.com,developer,176
276,Therine,Sparhawk,Therine.Sparhawk@yopmail.com,Therine.Sparhawk@gmail.com,worker,177
277,Margarette,Sheng,Margarette.Sheng@yopmail.com,Margarette.Sheng@gmail.com,doctor,178
278,Millie,Newell,Millie.Newell@yopmail.com,Millie.Newell@gmail.com,doctor,179
279,Tarra,Pattin,Tarra.Pattin@yopmail.com,Tarra.Pattin@gmail.com,worker,180
280,Ursulina,Maurine,Ursulina.Maurine@yopmail.com,Ursulina.Maurine@gmail.com,firefighter,181
281,Kellen,Darian,Kellen.Darian@yopmail.com,Kellen.Darian@gmail.com,doctor,182
282,Letizia,Teddman,Letizia.Teddman@yopmail.com,Letizia.Teddman@gmail.com,firefighter,183
283,Lelah,Septima,Lelah.Septima@yopmail.com,Lelah.Septima@gmail.com,firefighter,184
284,Alie,Kinnard,Alie.Kinnard@yopmail.com,Alie.Kinnard@gmail.com,worker,185
285,Dulce,Horan,Dulce.Horan@yopmail.com,Dulce.Horan@gmail.com,doctor,186
286,Carree,Toor,Carree.Toor@yopmail.com,Carree.Toor@gmail.com,worker,187
287,Dode,Blisse,Dode.Blisse@yopmail.com,Dode.Blisse@gmail.com,worker,188
288,Rani,Ellord,Rani.Ellord@yopmail.com,Rani.Ellord@gmail.com,police officer,189
289,Wynne,Hirsch,Wynne.Hirsch@yopmail.com,Wynne.Hirsch@gmail.com,doctor,190
290,Elbertina,Goddard,Elbertina.Goddard@yopmail.com,Elbertina.Goddard@gmail.com,developer,191
291,Lucy,Shirberg,Lucy.Shirberg@yopmail.com,Lucy.Shirberg@gmail.com,police officer,192
292,Margalo,Lucienne,Margalo.Lucienne@yopmail.com,Margalo.Lucienne@gmail.com,doctor,193
293,Harmonia,Prober,Harmonia.Prober@yopmail.com,Harmonia.Prober@gmail.com,developer,194
294,Natka,Melony,Natka.Melony@yopmail.com,Natka.Melony@gmail.com,firefighter,195
295,Kylynn,Gladstone,Kylynn.Gladstone@yopmail.com,Kylynn.Gladstone@gmail.com,firefighter,196
296,Darci,Poll,Darci.Poll@yopmail.com,Darci.Poll@gmail.com,worker,197
297,Carilyn,Brieta,Carilyn.Brieta@yopmail.com,Carilyn.Brieta@gmail.com,worker,198
298,Cherrita,Mandler,Cherrita.Mandler@yopmail.com,Cherrita.Mandler@gmail.com,police officer,199
299,Mureil,Ries,Mureil.Ries@yopmail.com,Mureil.Ries@gmail.com,doctor,200
300,Bibby,Rugen,Bibby.Rugen@yopmail.com,Bibby.Rugen@gmail.com,worker,201
301,Ardys,Ailyn,Ardys.Ailyn@yopmail.com,Ardys.Ailyn@gmail.com,firefighter,202
302,Kamilah,Koehler,Kamilah.Koehler@yopmail.com,Kamilah.Koehler@gmail.com,worker,203
303,Steffane,Maryanne,Steffane.Maryanne@yopmail.com,Steffane.Maryanne@gmail.com,developer,204
304,Wileen,Sparhawk,Wileen.Sparhawk@yopmail.com,Wileen.Sparhawk@gmail.com,police officer,205
305,Chastity,Madelene,Chastity.Madelene@yopmail.com,Chastity.Madelene@gmail.com,police officer,206
306,Raf,Margarete,Raf.Margarete@yopmail.com,Raf.Margarete@gmail.com,police officer,207
307,Isa,Fitzsimmons,Isa.Fitzsimmons@yopmail.com,Isa.Fitzsimmons@gmail.com,worker,208
308,Chastity,Diogenes,Chastity.Diogenes@yopmail.com,Chastity.Diogenes@gmail.com,firefighter,209
309,Kelly,Silvan,Kelly.Silvan@yopmail.com,Kelly.Silvan@gmail.com,police officer,210
310,Cordi,Destinee,Cordi.Destinee@yopmail.com,Cordi.Destinee@gmail.com,worker,211
311,Blinni,Maxi,Blinni.Maxi@yopmail.com,Blinni.Maxi@gmail.com,developer,212
312,Beth,Kamaria,Beth.Kamaria@yopmail.com,Beth.Kamaria@gmail.com,firefighter,213
313,Cordi,Weaks,Cordi.Weaks@yopmail.com,Cordi.Weaks@gmail.com,developer,214
314,Gianina,Chobot,Gianina.Chobot@yopmail.com,Gianina.Chobot@gmail.com,police officer,215
315,Antonietta,Ricki,Antonietta.Ricki@yopmail.com,Antonietta.Ricki@gmail.com,police officer,216
316,Fredericka,Natica,Fredericka.Natica@yopmail.com,Fredericka.Natica@gmail.com,firefighter,217
317,Elmira,Dearborn,Elmira.Dearborn@yopmail.com,Elmira.Dearborn@gmail.com,police officer,218
318,Marinna,Koziara,Marinna.Koziara@yopmail.com,Marinna.Koziara@gmail.com,firefighter,219
319,Christal,Urania,Christal.Urania@yopmail.com,Christal.Urania@gmail.com,firefighter,220
320,Elise,Kauppi,Elise.Kauppi@yopmail.com,Elise.Kauppi@gmail.com,police officer,221
321,Gavrielle,Alejoa,Gavrielle.Alejoa@yopmail.com,Gavrielle.Alejoa@gmail.com,worker,222
322,Millie,Robertson,Millie.Robertson@yopmail.com,Millie.Robertson@gmail.com,developer,223
323,Christian,Stevy,Christian.Stevy@yopmail.com,Christian.Stevy@gmail.com,firefighter,224
324,Lisette,Nicoline,Lisette.Nicoline@yopmail.com,Lisette.Nicoline@gmail.com,worker,225
325,Daune,Mott,Daune.Mott@yopmail.com,Daune.Mott@gmail.com,firefighter,226
326,Renae,Faria,Renae.Faria@yopmail.com,Renae.Faria@gmail.com,doctor,227
327,Sadie,Kenwood,Sadie.Kenwood@yopmail.com,Sadie.Kenwood@gmail.com,developer,228
328,Florencia,Carri,Florencia.Carri@yopmail.com,Florencia.Carri@gmail.com,developer,229
329,Donetta,Helve,Donetta.Helve@yopmail.com,Donetta.Helve@gmail.com,developer,230
330,Anthia,Niles,Anthia.Niles@yopmail.com,Anthia.Niles@gmail.com,police officer,231
331,Lonnie,Atcliffe,Lonnie.Atcliffe@yopmail.com,Lonnie.Atcliffe@gmail.com,firefighter,232
332,Letizia,Hedve,Letizia.Hedve@yopmail.com,Letizia.Hedve@gmail.com,worker,233
333,Marcy,Muriel,Marcy.Muriel@yopmail.com,Marcy.Muriel@gmail.com,doctor,234
334,Arabel,Gunn,Arabel.Gunn@yopmail.com,Arabel.Gunn@gmail.com,worker,235
335,Fred,Myrilla,Fred.Myrilla@yopmail.com,Fred.Myrilla@gmail.com,firefighter,236
336,Krystle,Stacy,Krystle.Stacy@yopmail.com,Krystle.Stacy@gmail.com,doctor,237
337,Amelia,Briney,Amelia.Briney@yopmail.com,Amelia.Briney@gmail.com,police officer,238
338,Brena,Roumell,Brena.Roumell@yopmail.com,Brena.Roumell@gmail.com,doctor,239
339,Margarette,Melony,Margarette.Melony@yopmail.com,Margarette.Melony@gmail.com,worker,240
340,Xylina,Fry,Xylina.Fry@yopmail.com,Xylina.Fry@gmail.com,doctor,241
341,Max,Krystle,Max.Krystle@yopmail.com,Max.Krystle@gmail.com,firefighter,242
342,Di,Martsen,Di.Martsen@yopmail.com,Di.Martsen@gmail.com,police officer,243
343,Damaris,Lindemann,Damaris.Lindemann@yopmail.com,Damaris.Lindemann@gmail.com,developer,244
344,Halette,Ummersen,Halette.Ummersen@yopmail.com,Halette.Ummersen@gmail.com,doctor,245
345,Judy,Merna,Judy.Merna@yopmail.com,Judy.Merna@gmail.com,developer,246
346,Hollie,Dowski,Hollie.Dowski@yopmail.com,Hollie.Dowski@gmail.com,worker,247
347,Alisha,McLaughlin,Alisha.McLaughlin@yopmail.com,Alisha.McLaughlin@gmail.com,developer,248
348,Amii,Bebe,Amii.Bebe@yopmail.com,Amii.Bebe@gmail.com,firefighter,249
349,Taffy,Atcliffe,Taffy.Atcliffe@yopmail.com,Taffy.Atcliffe@gmail.com,firefighter,250
350,Adele,Talia,Adele.Talia@yopmail.com,Adele.Talia@gmail.com,police officer,251
351,Elyssa,Papageno,Elyssa.Papageno@yopmail.com,Elyssa.Papageno@gmail.com,worker,252
352,Keelia,Pyle,Keelia.Pyle@yopmail.com,Keelia.Pyle@gmail.com,doctor,253
353,Sibella,Sigfrid,Sibella.Sigfrid@yopmail.com,Sibella.Sigfrid@gmail.com,police officer,254
354,Beatriz,Papageno,Beatriz.Papageno@yopmail.com,Beatriz.Papageno@gmail.com,developer,255
355,Starla,Ingra,Starla.Ingra@yopmail.com,Starla.Ingra@gmail.com,worker,256
356,Albertina,Hourigan,Albertina.Hourigan@yopmail.com,Albertina.Hourigan@gmail.com,firefighter,257
357,Nanete,Hillel,Nanete.Hillel@yopmail.com,Nanete.Hillel@gmail.com,worker,258
358,Tera,Firmin,Tera.Firmin@yopmail.com,Tera.Firmin@gmail.com,firefighter,259
359,Carmela,Seligman,Carmela.Seligman@yopmail.com,Carmela.Seligman@gmail.com,firefighter,260
360,Ernesta,Riordan,Ernesta.Riordan@yopmail.com,Ernesta.Riordan@gmail.com,worker,261
361,Trudie,Knowling,Trudie.Knowling@yopmail.com,Trudie.Knowling@gmail.com,doctor,262
362,Deirdre,Fry,Deirdre.Fry@yopmail.com,Deirdre.Fry@gmail.com,firefighter,263
363,Jeanna,Henebry,Jeanna.Henebry@yopmail.com,Jeanna.Henebry@gmail.com,worker,264
364,Dorene,Byrne,Dorene.Byrne@yopmail.com,Dorene.Byrne@gmail.com,worker,265
365,Rhoda,Reinke,Rhoda.Reinke@yopmail.com,Rhoda.Reinke@gmail.com,doctor,266
366,Layla,Bakerman,Layla.Bakerman@yopmail.com,Layla.Bakerman@gmail.com,firefighter,267
367,Tani,Mayeda,Tani.Mayeda@yopmail.com,Tani.Mayeda@gmail.com,developer,268
368,Letizia,Daegal,Letizia.Daegal@yopmail.com,Letizia.Daegal@gmail.com,firefighter,269
369,Kate,Egbert,Kate.Egbert@yopmail.com,Kate.Egbert@gmail.com,police officer,270
370,Hyacinthe,Simmonds,Hyacinthe.Simmonds@yopmail.com,Hyacinthe.Simmonds@gmail.com,doctor,271
371,Ardenia,Raul,Ardenia.Raul@yopmail.com,Ardenia.Raul@gmail.com,developer,272
372,Sara-Ann,Croix,Sara-Ann.Croix@yopmail.com,Sara-Ann.Croix@gmail.com,firefighter,273
373,Clo,Brotherson,Clo.Brotherson@yopmail.com,Clo.Brotherson@gmail.com,developer,274
374,Mariann,Fabiola,Mariann.Fabiola@yopmail.com,Mariann.Fabiola@gmail.com,worker,275
375,Ethel,Riva,Ethel.Riva@yopmail.com,Ethel.Riva@gmail.com,firefighter,276
376,Tera,Maribeth,Tera.Maribeth@yopmail.com,Tera.Maribeth@gmail.com,doctor,277
377,Kenna,Socha,Kenna.Socha@yopmail.com,Kenna.Socha@gmail.com,developer,278
378,Leanna,Buttaro,Leanna.Buttaro@yopmail.com,Leanna.Buttaro@gmail.com,police officer,279
379,Glenda,Sabella,Glenda.Sabella@yopmail.com,Glenda.Sabella@gmail.com,firefighter,280
380,Averyl,Kare,Averyl.Kare@yopmail.com,Averyl.Kare@gmail.com,firefighter,281
381,Laurene,Emmy,Laurene.Emmy@yopmail.com,Laurene.Emmy@gmail.com,developer,282
382,Jeanna,Bashemeth,Jeanna.Bashemeth@yopmail.com,Jeanna.Bashemeth@gmail.com,doctor,283
383,Ayn,Brenn,Ayn.Brenn@yopmail.com,Ayn.Brenn@gmail.com,police officer,284
384,Candi,Gerge,Candi.Gerge@yopmail.com,Candi.Gerge@gmail.com,worker,285
385,Rayna,Ortrude,Rayna.Ortrude@yopmail.com,Rayna.Ortrude@gmail.com,doctor,286
386,Gilda,Cottle,Gilda.Cottle@yopmail.com,Gilda.Cottle@gmail.com,doctor,287
387,Flory,Redmond,Flory.Redmond@yopmail.com,Flory.Redmond@gmail.com,developer,288
388,Eolanda,Ricarda,Eolanda.Ricarda@yopmail.com,Eolanda.Ricarda@gmail.com,worker,289
389,Bertine,Idelia,Bertine.Idelia@yopmail.com,Bertine.Idelia@gmail.com,doctor,290
390,Almeta,Helfand,Almeta.Helfand@yopmail.com,Almeta.Helfand@gmail.com,police officer,291
391,Shaylyn,Remmer,Shaylyn.Remmer@yopmail.com,Shaylyn.Remmer@gmail.com,firefighter,292
392,Pearline,Wenoa,Pearline.Wenoa@yopmail.com,Pearline.Wenoa@gmail.com,doctor,293
393,Frances,Baptlsta,Frances.Baptlsta@yopmail.com,Frances.Baptlsta@gmail.com,developer,294
394,Joeann,Dosia,Joeann.Dosia@yopmail.com,Joeann.Dosia@gmail.com,doctor,295
395,Annora,Naor,Annora.Naor@yopmail.com,Annora.Naor@gmail.com,developer,296
396,Doralynne,Munn,Doralynne.Munn@yopmail.com,Doralynne.Munn@gmail.com,police officer,297
397,Agathe,Sekofski,Agathe.Sekofski@yopmail.com,Agathe.Sekofski@gmail.com,firefighter,298
398,Tomasina,Bevin,Tomasina.Bevin@yopmail.com,Tomasina.Bevin@gmail.com,police officer,299
399,Linet,Gert,Linet.Gert@yopmail.com,Linet.Gert@gmail.com,worker,300
400,Lulita,Macey,Lulita.Macey@yopmail.com,Lulita.Macey@gmail.com,worker,301
401,Annaliese,Riordan,Annaliese.Riordan@yopmail.com,Annaliese.Riordan@gmail.com,firefighter,302
402,Mahalia,Linskey,Mahalia.Linskey@yopmail.com,Mahalia.Linskey@gmail.com,doctor,303
403,Ebonee,Clywd,Ebonee.Clywd@yopmail.com,Ebonee.Clywd@gmail.com,firefighter,304
404,Riannon,Maples,Riannon.Maples@yopmail.com,Riannon.Maples@gmail.com,worker,305
405,Gilda,Tryck,Gilda.Tryck@yopmail.com,Gilda.Tryck@gmail.com,developer,306
406,Dede,Orelee,Dede.Orelee@yopmail.com,Dede.Orelee@gmail.com,developer,307
407,Nanete,Huggins,Nanete.Huggins@yopmail.com,Nanete.Huggins@gmail.com,firefighter,308
408,Cathyleen,Kirbee,Cathyleen.Kirbee@yopmail.com,Cathyleen.Kirbee@gmail.com,firefighter,309
409,Marita,Bennie,Marita.Bennie@yopmail.com,Marita.Bennie@gmail.com,developer,310
410,Melisent,Lewes,Melisent.Lewes@yopmail.com,Melisent.Lewes@gmail.com,firefighter,311
411,Alex,Charmine,Alex.Charmine@yopmail.com,Alex.Charmine@gmail.com,worker,312
412,Phedra,Manolo,Phedra.Manolo@yopmail.com,Phedra.Manolo@gmail.com,police officer,313
413,Myrtice,Vale,Myrtice.Vale@yopmail.com,Myrtice.Vale@gmail.com,doctor,314
414,Annice,Jotham,Annice.Jotham@yopmail.com,Annice.Jotham@gmail.com,doctor,315
415,Chere,Love,Chere.Love@yopmail.com,Chere.Love@gmail.com,doctor,316
416,Vinita,Nance,Vinita.Nance@yopmail.com,Vinita.Nance@gmail.com,doctor,317
417,Collen,Sprage,Collen.Sprage@yopmail.com,Collen.Sprage@gmail.com,police officer,318
418,Meg,Wilkinson,Meg.Wilkinson@yopmail.com,Meg.Wilkinson@gmail.com,firefighter,319
419,Fred,Lorenz,Fred.Lorenz@yopmail.com,Fred.Lorenz@gmail.com,police officer,320
420,Theodora,Cohdwell,Theodora.Cohdwell@yopmail.com,Theodora.Cohdwell@gmail.com,doctor,321
421,Chrystel,Blake,Chrystel.Blake@yopmail.com,Chrystel.Blake@gmail.com,police officer,322
422,Lita,Rona,Lita.Rona@yopmail.com,Lita.Rona@gmail.com,doctor,323
423,Magdalena,Ariella,Magdalena.Ariella@yopmail.com,Magdalena.Ariella@gmail.com,developer,324
424,Louella,Posner,Louella.Posner@yopmail.com,Louella.Posner@gmail.com,firefighter,325
425,Ariela,Anton,Ariela.Anton@yopmail.com,Ariela.Anton@gmail.com,police officer,326
426,Sybille,Hoban,Sybille.Hoban@yopmail.com,Sybille.Hoban@gmail.com,doctor,327
427,Hope,Richers,Hope.Richers@yopmail.com,Hope.Richers@gmail.com,doctor,328
428,Ana,Arne,Ana.Arne@yopmail.com,Ana.Arne@gmail.com,developer,329
429,Dulcinea,Phi,Dulcinea.Phi@yopmail.com,Dulcinea.Phi@gmail.com,developer,330
430,Nerta,Middleton,Nerta.Middleton@yopmail.com,Nerta.Middleton@gmail.com,firefighter,331
431,Maisey,Klotz,Maisey.Klotz@yopmail.com,Maisey.Klotz@gmail.com,developer,332
432,Anestassia,Forrer,Anestassia.Forrer@yopmail.com,Anestassia.Forrer@gmail.com,police officer,333
433,Dolli,Jeanne,Dolli.Jeanne@yopmail.com,Dolli.Jeanne@gmail.com,worker,334
434,Nikki,Kaja,Nikki.Kaja@yopmail.com,Nikki.Kaja@gmail.com,developer,335
435,Anestassia,Ethban,Anestassia.Ethban@yopmail.com,Anestassia.Ethban@gmail.com,police officer,336
436,Lanna,Aurelio,Lanna.Aurelio@yopmail.com,Lanna.Aurelio@gmail.com,firefighter,337
437,Bettine,Ramona,Bettine.Ramona@yopmail.com,Bettine.Ramona@gmail.com,doctor,338
438,Kimmy,Vittoria,Kimmy.Vittoria@yopmail.com,Kimmy.Vittoria@gmail.com,doctor,339
439,Mallory,Daniele,Mallory.Daniele@yopmail.com,Mallory.Daniele@gmail.com,developer,340
440,Delilah,Grayce,Delilah.Grayce@yopmail.com,Delilah.Grayce@gmail.com,doctor,341
441,Fawne,Kalinda,Fawne.Kalinda@yopmail.com,Fawne.Kalinda@gmail.com,police officer,342
442,Aili,Reidar,Aili.Reidar@yopmail.com,Aili.Reidar@gmail.com,doctor,343
443,Queenie,Nisbet,Queenie.Nisbet@yopmail.com,Queenie.Nisbet@gmail.com,worker,344
444,Correy,Eugenia,Correy.Eugenia@yopmail.com,Correy.Eugenia@gmail.com,firefighter,345
445,Lorne,Konyn,Lorne.Konyn@yopmail.com,Lorne.Konyn@gmail.com,developer,346
446,Farrah,Bashemeth,Farrah.Bashemeth@yopmail.com,Farrah.Bashemeth@gmail.com,worker,347
447,Felice,Thornburg,Felice.Thornburg@yopmail.com,Felice.Thornburg@gmail.com,police officer,348
448,Angela,Giule,Angela.Giule@yopmail.com,Angela.Giule@gmail.com,worker,349
449,Nonnah,Eiser,Nonnah.Eiser@yopmail.com,Nonnah.Eiser@gmail.com,police officer,350
450,Monika,Atonsah,Monika.Atonsah@yopmail.com,Monika.Atonsah@gmail.com,police officer,351
451,Daune,Alabaster,Daune.Alabaster@yopmail.com,Daune.Alabaster@gmail.com,police officer,352
452,Raf,Frodi,Raf.Frodi@yopmail.com,Raf.Frodi@gmail.com,developer,353
453,Ada,Craggie,Ada.Craggie@yopmail.com,Ada.Craggie@gmail.com,police officer,354
454,Cam,Klotz,Cam.Klotz@yopmail.com,Cam.Klotz@gmail.com,doctor,355
455,Minda,Nerita,Minda.Nerita@yopmail.com,Minda.Nerita@gmail.com,firefighter,356
456,Nyssa,Center,Nyssa.Center@yopmail.com,Nyssa.Center@gmail.com,worker,357
457,Eve,Fancie,Eve.Fancie@yopmail.com,Eve.Fancie@gmail.com,firefighter,358
458,Kore,Euridice,Kore.Euridice@yopmail.com,Kore.Euridice@gmail.com,developer,359
459,Chastity,Belanger,Chastity.Belanger@yopmail.com,Chastity.Belanger@gmail.com,police officer,360
460,Danny,Dituri,Danny.Dituri@yopmail.com,Danny.Dituri@gmail.com,firefighter,361
461,Sheelagh,Tristram,Sheelagh.Tristram@yopmail.com,Sheelagh.Tristram@gmail.com,worker,362
462,Reeba,Pattin,Reeba.Pattin@yopmail.com,Reeba.Pattin@gmail.com,doctor,363
463,Fred,Barney,Fred.Barney@yopmail.com,Fred.Barney@gmail.com,firefighter,364
464,Liana,Koehler,Liana.Koehler@yopmail.com,Liana.Koehler@gmail.com,developer,365
465,Vere,Burch,Vere.Burch@yopmail.com,Vere.Burch@gmail.com,doctor,366
466,Neila,Darbie,Neila.Darbie@yopmail.com,Neila.Darbie@gmail.com,worker,367
467,Dale,Destinee,Dale.Destinee@yopmail.com,Dale.Destinee@gmail.com,doctor,368
468,Valeda,O'Carroll,Valeda.O'Carroll@yopmail.com,Valeda.O'Carroll@gmail.com,firefighter,369
469,Agathe,Roumell,Agathe.Roumell@yopmail.com,Agathe.Roumell@gmail.com,worker,370
470,Karolina,Yerkovich,Karolina.Yerkovich@yopmail.com,Karolina.Yerkovich@gmail.com,firefighter,371
471,Fred,Keily,Fred.Keily@yopmail.com,Fred.Keily@gmail.com,police officer,372
472,Benita,Kamaria,Benita.Kamaria@yopmail.com,Benita.Kamaria@gmail.com,police officer,373
473,Laure,Paine,Laure.Paine@yopmail.com,Laure.Paine@gmail.com,firefighter,374
474,Lucy,Johanna,Lucy.Johanna@yopmail.com,Lucy.Johanna@gmail.com,firefighter,375
475,Micheline,Middleton,Micheline.Middleton@yopmail.com,Micheline.Middleton@gmail.com,developer,376
476,Kaia,Lilybelle,Kaia.Lilybelle@yopmail.com,Kaia.Lilybelle@gmail.com,developer,377
477,Leontine,Hathaway,Leontine.Hathaway@yopmail.com,Leontine.Hathaway@gmail.com,doctor,378
478,Alie,Aloise,Alie.Aloise@yopmail.com,Alie.Aloise@gmail.com,developer,379
479,Keelia,Wyn,Keelia.Wyn@yopmail.com,Keelia.Wyn@gmail.com,police officer,380
480,Gloria,Publia,Gloria.Publia@yopmail.com,Gloria.Publia@gmail.com,firefighter,381
481,Rivalee,Kenney,Rivalee.Kenney@yopmail.com,Rivalee.Kenney@gmail.com,worker,382
482,Arabel,Concha,Arabel.Concha@yopmail.com,Arabel.Concha@gmail.com,worker,383
483,Jorry,Goerke,Jorry.Goerke@yopmail.com,Jorry.Goerke@gmail.com,developer,384
484,Valli,Flita,Valli.Flita@yopmail.com,Valli.Flita@gmail.com,developer,385
485,Latisha,Kronfeld,Latisha.Kronfeld@yopmail.com,Latisha.Kronfeld@gmail.com,firefighter,386
486,Liana,Lipson,Liana.Lipson@yopmail.com,Liana.Lipson@gmail.com,doctor,387
487,Adriana,Zetta,Adriana.Zetta@yopmail.com,Adriana.Zetta@gmail.com,doctor,388
488,Mariann,Janene,Mariann.Janene@yopmail.com,Mariann.Janene@gmail.com,firefighter,389
489,Evaleen,Rona,Evaleen.Rona@yopmail.com,Evaleen.Rona@gmail.com,developer,390
490,Desirae,Afton,Desirae.Afton@yopmail.com,Desirae.Afton@gmail.com,police officer,391
491,Edee,Clara,Edee.Clara@yopmail.com,Edee.Clara@gmail.com,developer,392
492,Gianina,Seumas,Gianina.Seumas@yopmail.com,Gianina.Seumas@gmail.com,police officer,393
493,Hettie,Turne,Hettie.Turne@yopmail.com,Hettie.Turne@gmail.com,police officer,394
494,Caritta,Hoenack,Caritta.Hoenack@yopmail.com,Caritta.Hoenack@gmail.com,firefighter,395
495,Mallory,Mich,Mallory.Mich@yopmail.com,Mallory.Mich@gmail.com,firefighter,396
496,Sibella,Rossner,Sibella.Rossner@yopmail.com,Sibella.Rossner@gmail.com,doctor,397
497,Cyndie,Fennessy,Cyndie.Fennessy@yopmail.com,Cyndie.Fennessy@gmail.com,doctor,398
498,Blinni,Monaco,Blinni.Monaco@yopmail.com,Blinni.Monaco@gmail.com,firefighter,399
499,Kimberley,Arathorn,Kimberley.Arathorn@yopmail.com,Kimberley.Arathorn@gmail.com,developer,400
500,Lita,Bennie,Lita.Bennie@yopmail.com,Lita.Bennie@gmail.com,worker,401
501,Elvira,Annabella,Elvira.Annabella@yopmail.com,Elvira.Annabella@gmail.com,developer,402
502,Dotty,Plato,Dotty.Plato@yopmail.com,Dotty.Plato@gmail.com,developer,403
503,Sherrie,Etom,Sherrie.Etom@yopmail.com,Sherrie.Etom@gmail.com,police officer,404
504,Hope,Toni,Hope.Toni@yopmail.com,Hope.Toni@gmail.com,worker,405
505,Shaylyn,Ajay,Shaylyn.Ajay@yopmail.com,Shaylyn.Ajay@gmail.com,doctor,406
506,Cherilyn,Tillford,Cherilyn.Tillford@yopmail.com,Cherilyn.Tillford@gmail.com,police officer,407
507,Florie,Stuart,Florie.Stuart@yopmail.com,Florie.Stuart@gmail.com,police officer,408
508,Lila,Kirstin,Lila.Kirstin@yopmail.com,Lila.Kirstin@gmail.com,firefighter,409
509,Abbie,Adamsen,Abbie.Adamsen@yopmail.com,Abbie.Adamsen@gmail.com,doctor,410
510,Bernardine,Stoller,Bernardine.Stoller@yopmail.com,Bernardine.Stoller@gmail.com,police officer,411
511,Claudina,Eldrid,Claudina.Eldrid@yopmail.com,Claudina.Eldrid@gmail.com,police officer,412
512,Raf,Ophelia,Raf.Ophelia@yopmail.com,Raf.Ophelia@gmail.com,developer,413
513,Aurore,Raama,Aurore.Raama@yopmail.com,Aurore.Raama@gmail.com,doctor,414
514,Nataline,Duwalt,Nataline.Duwalt@yopmail.com,Nataline.Duwalt@gmail.com,firefighter,415
515,Merci,Wind,Merci.Wind@yopmail.com,Merci.Wind@gmail.com,firefighter,416
516,Tybie,Slifka,Tybie.Slifka@yopmail.com,Tybie.Slifka@gmail.com,worker,417
517,Anica,Israeli,Anica.Israeli@yopmail.com,Anica.Israeli@gmail.com,firefighter,418
518,Rivalee,Fabiola,Rivalee.Fabiola@yopmail.com,Rivalee.Fabiola@gmail.com,developer,419
519,Krystle,Chandler,Krystle.Chandler@yopmail.com,Krystle.Chandler@gmail.com,firefighter,420
520,Kalina,Zuzana,Kalina.Zuzana@yopmail.com,Kalina.Zuzana@gmail.com,developer,421
521,Tami,Nelsen,Tami.Nelsen@yopmail.com,Tami.Nelsen@gmail.com,doctor,422
522,Josephine,Hamil,Josephine.Hamil@yopmail.com,Josephine.Hamil@gmail.com,police officer,423
523,Neila,Fiester,Neila.Fiester@yopmail.com,Neila.Fiester@gmail.com,doctor,424
524,Wilma,Medrek,Wilma.Medrek@yopmail.com,Wilma.Medrek@gmail.com,doctor,425
525,Loree,Sharl,Loree.Sharl@yopmail.com,Loree.Sharl@gmail.com,worker,426
526,Correy,Garbe,Correy.Garbe@yopmail.com,Correy.Garbe@gmail.com,worker,427
527,Rosabelle,Sparhawk,Rosabelle.Sparhawk@yopmail.com,Rosabelle.Sparhawk@gmail.com,worker,428
528,Inga,Clarissa,Inga.Clarissa@yopmail.com,Inga.Clarissa@gmail.com,developer,429
529,Lorenza,Roxanna,Lorenza.Roxanna@yopmail.com,Lorenza.Roxanna@gmail.com,police officer,430
530,Joane,Schlosser,Joane.Schlosser@yopmail.com,Joane.Schlosser@gmail.com,developer,431
531,Nikki,Meter,Nikki.Meter@yopmail.com,Nikki.Meter@gmail.com,firefighter,432
532,Calla,Chabot,Calla.Chabot@yopmail.com,Calla.Chabot@gmail.com,firefighter,433
533,Charlena,Mintz,Charlena.Mintz@yopmail.com,Charlena.Mintz@gmail.com,developer,434
534,Candi,Taam,Candi.Taam@yopmail.com,Candi.Taam@gmail.com,doctor,435
535,Jacquetta,Garlinda,Jacquetta.Garlinda@yopmail.com,Jacquetta.Garlinda@gmail.com,firefighter,436
536,Kary,Saunderson,Kary.Saunderson@yopmail.com,Kary.Saunderson@gmail.com,firefighter,437
537,Drucie,Hamil,Drucie.Hamil@yopmail.com,Drucie.Hamil@gmail.com,firefighter,438
538,Karolina,Peti,Karolina.Peti@yopmail.com,Karolina.Peti@gmail.com,worker,439
539,Charlena,Cornelia,Charlena.Cornelia@yopmail.com,Charlena.Cornelia@gmail.com,police officer,440
540,Laurene,Cavan,Laurene.Cavan@yopmail.com,Laurene.Cavan@gmail.com,police officer,441
541,Roberta,Neils,Roberta.Neils@yopmail.com,Roberta.Neils@gmail.com,police officer,442
542,Wanda,Naashom,Wanda.Naashom@yopmail.com,Wanda.Naashom@gmail.com,doctor,443
543,Shannah,Whittaker,Shannah.Whittaker@yopmail.com,Shannah.Whittaker@gmail.com,worker,444
544,Cassondra,Kalinda,Cassondra.Kalinda@yopmail.com,Cassondra.Kalinda@gmail.com,developer,445
545,Consuela,Sabella,Consuela.Sabella@yopmail.com,Consuela.Sabella@gmail.com,doctor,446
546,Jobi,Kevon,Jobi.Kevon@yopmail.com,Jobi.Kevon@gmail.com,police officer,447
547,Leontine,Jillane,Leontine.Jillane@yopmail.com,Leontine.Jillane@gmail.com,worker,448
548,Gratia,Melan,Gratia.Melan@yopmail.com,Gratia.Melan@gmail.com,police officer,449
549,Roseline,Anyah,Roseline.Anyah@yopmail.com,Roseline.Anyah@gmail.com,worker,450
550,Selma,Redmond,Selma.Redmond@yopmail.com,Selma.Redmond@gmail.com,developer,451
551,Lenna,Annabella,Lenna.Annabella@yopmail.com,Lenna.Annabella@gmail.com,police officer,452
552,Suzette,Lanita,Suzette.Lanita@yopmail.com,Suzette.Lanita@gmail.com,doctor,453
553,Penelopa,Gino,Penelopa.Gino@yopmail.com,Penelopa.Gino@gmail.com,worker,454
554,Jessamyn,Paine,Jessamyn.Paine@yopmail.com,Jessamyn.Paine@gmail.com,developer,455
555,Beverley,Kalinda,Beverley.Kalinda@yopmail.com,Beverley.Kalinda@gmail.com,developer,456
556,Randa,Teddman,Randa.Teddman@yopmail.com,Randa.Teddman@gmail.com,police officer,457
557,Meghann,Tannie,Meghann.Tannie@yopmail.com,Meghann.Tannie@gmail.com,worker,458
558,Gretal,Meter,Gretal.Meter@yopmail.com,Gretal.Meter@gmail.com,worker,459
559,Shel,Marisa,Shel.Marisa@yopmail.com,Shel.Marisa@gmail.com,firefighter,460
560,Chastity,Leler,Chastity.Leler@yopmail.com,Chastity.Leler@gmail.com,firefighter,461
561,Tiffie,Jotham,Tiffie.Jotham@yopmail.com,Tiffie.Jotham@gmail.com,firefighter,462
562,Tori,Deny,Tori.Deny@yopmail.com,Tori.Deny@gmail.com,developer,463
563,Suzette,Middleton,Suzette.Middleton@yopmail.com,Suzette.Middleton@gmail.com,developer,464
564,Giustina,Brodench,Giustina.Brodench@yopmail.com,Giustina.Brodench@gmail.com,doctor,465
565,Corly,Eno,Corly.Eno@yopmail.com,Corly.Eno@gmail.com,police officer,466
566,Cathyleen,Uund,Cathyleen.Uund@yopmail.com,Cathyleen.Uund@gmail.com,developer,467
567,Florie,Roscoe,Florie.Roscoe@yopmail.com,Florie.Roscoe@gmail.com,police officer,468
568,Giustina,Tayib,Giustina.Tayib@yopmail.com,Giustina.Tayib@gmail.com,developer,469
569,Vinita,Deny,Vinita.Deny@yopmail.com,Vinita.Deny@gmail.com,firefighter,470
570,Vonny,Blake,Vonny.Blake@yopmail.com,Vonny.Blake@gmail.com,doctor,471
571,Sarette,Nelsen,Sarette.Nelsen@yopmail.com,Sarette.Nelsen@gmail.com,doctor,472
572,Stephanie,Swigart,Stephanie.Swigart@yopmail.com,Stephanie.Swigart@gmail.com,firefighter,473
573,Gwenneth,Florina,Gwenneth.Florina@yopmail.com,Gwenneth.Florina@gmail.com,doctor,474
574,Zaria,Dahlia,Zaria.Dahlia@yopmail.com,Zaria.Dahlia@gmail.com,doctor,475
575,Yolane,Iiette,Yolane.Iiette@yopmail.com,Yolane.Iiette@gmail.com,firefighter,476
576,Florencia,Schlosser,Florencia.Schlosser@yopmail.com,Florencia.Schlosser@gmail.com,firefighter,477
577,Helena,Flyn,Helena.Flyn@yopmail.com,Helena.Flyn@gmail.com,doctor,478
578,Celestyna,McNully,Celestyna.McNully@yopmail.com,Celestyna.McNully@gmail.com,doctor,479
579,Dawn,Woodberry,Dawn.Woodberry@yopmail.com,Dawn.Woodberry@gmail.com,firefighter,480
580,Abbie,Sallyann,Abbie.Sallyann@yopmail.com,Abbie.Sallyann@gmail.com,firefighter,481
581,Harmonia,Dearborn,Harmonia.Dearborn@yopmail.com,Harmonia.Dearborn@gmail.com,doctor,482
582,Goldie,Tacye,Goldie.Tacye@yopmail.com,Goldie.Tacye@gmail.com,police officer,483
583,Dulcinea,Jacqui,Dulcinea.Jacqui@yopmail.com,Dulcinea.Jacqui@gmail.com,developer,484
584,Britte,Raul,Britte.Raul@yopmail.com,Britte.Raul@gmail.com,developer,485
585,Perry,Sholley,Perry.Sholley@yopmail.com,Perry.Sholley@gmail.com,police officer,486
586,Gertrud,Cristi,Gertrud.Cristi@yopmail.com,Gertrud.Cristi@gmail.com,worker,487
587,Maisey,August,Maisey.August@yopmail.com,Maisey.August@gmail.com,firefighter,488
588,Karina,Graig,Karina.Graig@yopmail.com,Karina.Graig@gmail.com,firefighter,489
589,Jemie,Florina,Jemie.Florina@yopmail.com,Jemie.Florina@gmail.com,worker,490
590,Lusa,Afton,Lusa.Afton@yopmail.com,Lusa.Afton@gmail.com,police officer,491
591,Ivett,Leifeste,Ivett.Leifeste@yopmail.com,Ivett.Leifeste@gmail.com,police officer,492
592,Pearline,Huggins,Pearline.Huggins@yopmail.com,Pearline.Huggins@gmail.com,worker,493
593,Edee,Kazimir,Edee.Kazimir@yopmail.com,Edee.Kazimir@gmail.com,police officer,494
594,Nataline,Fancie,Nataline.Fancie@yopmail.com,Nataline.Fancie@gmail.com,developer,495
595,Sindee,Gavrila,Sindee.Gavrila@yopmail.com,Sindee.Gavrila@gmail.com,doctor,496
596,Darlleen,Francene,Darlleen.Francene@yopmail.com,Darlleen.Francene@gmail.com,firefighter,497
597,Edith,Strephon,Edith.Strephon@yopmail.com,Edith.Strephon@gmail.com,developer,498
598,Kenna,Suzetta,Kenna.Suzetta@yopmail.com,Kenna.Suzetta@gmail.com,doctor,499
599,Beth,Munn,Beth.Munn@yopmail.com,Beth.Munn@gmail.com,worker,500
600,Esmeralda,Iiette,Esmeralda.Iiette@yopmail.com,Esmeralda.Iiette@gmail.com,doctor,501
601,Zaria,Ciapas,Zaria.Ciapas@yopmail.com,Zaria.Ciapas@gmail.com,worker,502
602,Rosabelle,Buttaro,Rosabelle.Buttaro@yopmail.com,Rosabelle.Buttaro@gmail.com,developer,503
603,Antonietta,Boehike,Antonietta.Boehike@yopmail.com,Antonietta.Boehike@gmail.com,developer,504
604,Magdalena,Iiette,Magdalena.Iiette@yopmail.com,Magdalena.Iiette@gmail.com,firefighter,505
605,Hallie,Jary,Hallie.Jary@yopmail.com,Hallie.Jary@gmail.com,doctor,506
606,Gianina,Autrey,Gianina.Autrey@yopmail.com,Gianina.Autrey@gmail.com,police officer,507
607,Elka,Olnee,Elka.Olnee@yopmail.com,Elka.Olnee@gmail.com,worker,508
608,Annaliese,Constancy,Annaliese.Constancy@yopmail.com,Annaliese.Constancy@gmail.com,firefighter,509
609,Rayna,Trey,Rayna.Trey@yopmail.com,Rayna.Trey@gmail.com,worker,510
610,Farrah,Deegan,Farrah.Deegan@yopmail.com,Farrah.Deegan@gmail.com,police officer,511
611,Phylis,Teryn,Phylis.Teryn@yopmail.com,Phylis.Teryn@gmail.com,police officer,512
612,Maurene,Ax,Maurene.Ax@yopmail.com,Maurene.Ax@gmail.com,police officer,513
613,Bobinette,Fancie,Bobinette.Fancie@yopmail.com,Bobinette.Fancie@gmail.com,police officer,514
614,Shirlee,Estella,Shirlee.Estella@yopmail.com,Shirlee.Estella@gmail.com,developer,515
615,Jordan,Wyn,Jordan.Wyn@yopmail.com,Jordan.Wyn@gmail.com,developer,516
616,Rosabelle,Bari,Rosabelle.Bari@yopmail.com,Rosabelle.Bari@gmail.com,firefighter,517
617,Kassey,Koziara,Kassey.Koziara@yopmail.com,Kassey.Koziara@gmail.com,firefighter,518
618,Nananne,Ries,Nananne.Ries@yopmail.com,Nananne.Ries@gmail.com,worker,519
619,Jerry,Dermott,Jerry.Dermott@yopmail.com,Jerry.Dermott@gmail.com,doctor,520
620,Melina,Wattenberg,Melina.Wattenberg@yopmail.com,Melina.Wattenberg@gmail.com,police officer,521
621,Larine,Rad,Larine.Rad@yopmail.com,Larine.Rad@gmail.com,doctor,522
622,Lucy,Jerold,Lucy.Jerold@yopmail.com,Lucy.Jerold@gmail.com,developer,523
623,Rori,Justinn,Rori.Justinn@yopmail.com,Rori.Justinn@gmail.com,developer,524
624,Karena,Stuart,Karena.Stuart@yopmail.com,Karena.Stuart@gmail.com,police officer,525
625,Jessy,Maurine,Jessy.Maurine@yopmail.com,Jessy.Maurine@gmail.com,developer,526
626,Jinny,Gladstone,Jinny.Gladstone@yopmail.com,Jinny.Gladstone@gmail.com,developer,527
627,Luci,Sheedy,Luci.Sheedy@yopmail.com,Luci.Sheedy@gmail.com,worker,528
628,Wendi,Presber,Wendi.Presber@yopmail.com,Wendi.Presber@gmail.com,worker,529
629,Antonietta,Swanhildas,Antonietta.Swanhildas@yopmail.com,Antonietta.Swanhildas@gmail.com,developer,530
630,Helsa,Terrence,Helsa.Terrence@yopmail.com,Helsa.Terrence@gmail.com,worker,531
631,Aurore,Agle,Aurore.Agle@yopmail.com,Aurore.Agle@gmail.com,firefighter,532
632,Ayn,Alarise,Ayn.Alarise@yopmail.com,Ayn.Alarise@gmail.com,developer,533
633,Susan,Behre,Susan.Behre@yopmail.com,Susan.Behre@gmail.com,firefighter,534
634,Dotty,Glenden,Dotty.Glenden@yopmail.com,Dotty.Glenden@gmail.com,worker,535
635,Kate,Rebecka,Kate.Rebecka@yopmail.com,Kate.Rebecka@gmail.com,worker,536
636,Danika,Zachary,Danika.Zachary@yopmail.com,Danika.Zachary@gmail.com,police officer,537
637,Libbie,Junie,Libbie.Junie@yopmail.com,Libbie.Junie@gmail.com,developer,538
638,Kimberley,Gerge,Kimberley.Gerge@yopmail.com,Kimberley.Gerge@gmail.com,worker,539
639,Sindee,Thomasina,Sindee.Thomasina@yopmail.com,Sindee.Thomasina@gmail.com,worker,540
640,Desirae,Ophelia,Desirae.Ophelia@yopmail.com,Desirae.Ophelia@gmail.com,worker,541
641,Ardenia,Dreda,Ardenia.Dreda@yopmail.com,Ardenia.Dreda@gmail.com,developer,542
642,Flory,Atonsah,Flory.Atonsah@yopmail.com,Flory.Atonsah@gmail.com,worker,543
643,Elise,Allys,Elise.Allys@yopmail.com,Elise.Allys@gmail.com,developer,544
644,Beverley,Jess,Beverley.Jess@yopmail.com,Beverley.Jess@gmail.com,firefighter,545
645,Celestyna,Marijo,Celestyna.Marijo@yopmail.com,Celestyna.Marijo@gmail.com,worker,546
646,Katharina,Joachim,Katharina.Joachim@yopmail.com,Katharina.Joachim@gmail.com,police officer,547
647,Bettine,Zuzana,Bettine.Zuzana@yopmail.com,Bettine.Zuzana@gmail.com,developer,548
648,Tybie,Bandeen,Tybie.Bandeen@yopmail.com,Tybie.Bandeen@gmail.com,police officer,549
649,Lynde,Lynn,Lynde.Lynn@yopmail.com,Lynde.Lynn@gmail.com,developer,550
650,Mignon,Killigrew,Mignon.Killigrew@yopmail.com,Mignon.Killigrew@gmail.com,police officer,551
651,Noelle,Parsaye,Noelle.Parsaye@yopmail.com,Noelle.Parsaye@gmail.com,police officer,552
652,Gratia,Ricarda,Gratia.Ricarda@yopmail.com,Gratia.Ricarda@gmail.com,developer,553
653,Mary,Flita,Mary.Flita@yopmail.com,Mary.Flita@gmail.com,worker,554
654,Corene,Pond,Corene.Pond@yopmail.com,Corene.Pond@gmail.com,doctor,555
655,Alejandra,Anyah,Alejandra.Anyah@yopmail.com,Alejandra.Anyah@gmail.com,doctor,556
656,Ashlee,Mallon,Ashlee.Mallon@yopmail.com,Ashlee.Mallon@gmail.com,doctor,557
657,Olwen,Ethban,Olwen.Ethban@yopmail.com,Olwen.Ethban@gmail.com,developer,558
658,Beverley,Alrich,Beverley.Alrich@yopmail.com,Beverley.Alrich@gmail.com,doctor,559
659,Malina,Ingra,Malina.Ingra@yopmail.com,Malina.Ingra@gmail.com,worker,560
660,Linet,Aaberg,Linet.Aaberg@yopmail.com,Linet.Aaberg@gmail.com,police officer,561
661,Evita,Allare,Evita.Allare@yopmail.com,Evita.Allare@gmail.com,worker,562
662,Basia,Trey,Basia.Trey@yopmail.com,Basia.Trey@gmail.com,firefighter,563
663,Shannah,Nicoline,Shannah.Nicoline@yopmail.com,Shannah.Nicoline@gmail.com,police officer,564
664,Theodora,Lanita,Theodora.Lanita@yopmail.com,Theodora.Lanita@gmail.com,police officer,565
665,Shannah,Allare,Shannah.Allare@yopmail.com,Shannah.Allare@gmail.com,worker,566
666,Rhea,Olnee,Rhea.Olnee@yopmail.com,Rhea.Olnee@gmail.com,firefighter,567
667,Georgetta,Joachim,Georgetta.Joachim@yopmail.com,Georgetta.Joachim@gmail.com,developer,568
668,Cindelyn,Janene,Cindelyn.Janene@yopmail.com,Cindelyn.Janene@gmail.com,developer,569
669,Cherilyn,Wiener,Cherilyn.Wiener@yopmail.com,Cherilyn.Wiener@gmail.com,doctor,570
670,Theodora,Berne,Theodora.Berne@yopmail.com,Theodora.Berne@gmail.com,firefighter,571
671,Julieta,Peonir,Julieta.Peonir@yopmail.com,Julieta.Peonir@gmail.com,worker,572
672,Emma,Maurine,Emma.Maurine@yopmail.com,Emma.Maurine@gmail.com,firefighter,573
673,Aaren,Jerald,Aaren.Jerald@yopmail.com,Aaren.Jerald@gmail.com,police officer,574
674,Cristine,Zaslow,Cristine.Zaslow@yopmail.com,Cristine.Zaslow@gmail.com,doctor,575
675,Kial,Connelly,Kial.Connelly@yopmail.com,Kial.Connelly@gmail.com,doctor,576
676,Aurelie,Dorcy,Aurelie.Dorcy@yopmail.com,Aurelie.Dorcy@gmail.com,firefighter,577
677,Camile,Vanni,Camile.Vanni@yopmail.com,Camile.Vanni@gmail.com,worker,578
678,Addia,Sammons,Addia.Sammons@yopmail.com,Addia.Sammons@gmail.com,police officer,579
679,Correy,Primalia,Correy.Primalia@yopmail.com,Correy.Primalia@gmail.com,developer,580
680,Lila,Guildroy,Lila.Guildroy@yopmail.com,Lila.Guildroy@gmail.com,developer,581
681,Ivett,Baylor,Ivett.Baylor@yopmail.com,Ivett.Baylor@gmail.com,developer,582
682,Rayna,Mozelle,Rayna.Mozelle@yopmail.com,Rayna.Mozelle@gmail.com,firefighter,583
683,Dede,Kare,Dede.Kare@yopmail.com,Dede.Kare@gmail.com,worker,584
684,Lilith,Podvin,Lilith.Podvin@yopmail.com,Lilith.Podvin@gmail.com,developer,585
685,Ezmeralda,Neils,Ezmeralda.Neils@yopmail.com,Ezmeralda.Neils@gmail.com,doctor,586
686,Philis,Bow,Philis.Bow@yopmail.com,Philis.Bow@gmail.com,developer,587
687,Ardenia,Kamaria,Ardenia.Kamaria@yopmail.com,Ardenia.Kamaria@gmail.com,doctor,588
688,Caritta,Sherrie,Caritta.Sherrie@yopmail.com,Caritta.Sherrie@gmail.com,firefighter,589
689,Kittie,Lia,Kittie.Lia@yopmail.com,Kittie.Lia@gmail.com,doctor,590
690,Jolyn,Georas,Jolyn.Georas@yopmail.com,Jolyn.Georas@gmail.com,firefighter,591
691,Jinny,Gilmour,Jinny.Gilmour@yopmail.com,Jinny.Gilmour@gmail.com,doctor,592
692,Georgina,Yoko,Georgina.Yoko@yopmail.com,Georgina.Yoko@gmail.com,firefighter,593
693,Jennica,Demitria,Jennica.Demitria@yopmail.com,Jennica.Demitria@gmail.com,doctor,594
694,Asia,Narton,Asia.Narton@yopmail.com,Asia.Narton@gmail.com,doctor,595
695,Emylee,Michella,Emylee.Michella@yopmail.com,Emylee.Michella@gmail.com,firefighter,596
696,Stephanie,Bakerman,Stephanie.Bakerman@yopmail.com,Stephanie.Bakerman@gmail.com,firefighter,597
697,Imojean,Melan,Imojean.Melan@yopmail.com,Imojean.Melan@gmail.com,developer,598
698,Kaja,Yam,Kaja.Yam@yopmail.com,Kaja.Yam@gmail.com,worker,599
699,Aimil,Newell,Aimil.Newell@yopmail.com,Aimil.Newell@gmail.com,doctor,600
700,Danika,Hirsch,Danika.Hirsch@yopmail.com,Danika.Hirsch@gmail.com,police officer,601
701,Marinna,Fink,Marinna.Fink@yopmail.com,Marinna.Fink@gmail.com,worker,602
702,Yetty,Lunsford,Yetty.Lunsford@yopmail.com,Yetty.Lunsford@gmail.com,police officer,603
703,Shauna,Lia,Shauna.Lia@yopmail.com,Shauna.Lia@gmail.com,firefighter,604
704,Marinna,Iphlgenia,Marinna.Iphlgenia@yopmail.com,Marinna.Iphlgenia@gmail.com,firefighter,605
705,Joleen,Pyle,Joleen.Pyle@yopmail.com,Joleen.Pyle@gmail.com,developer,606
706,Antonietta,Kussell,Antonietta.Kussell@yopmail.com,Antonietta.Kussell@gmail.com,police officer,607
707,Wendi,Eckblad,Wendi.Eckblad@yopmail.com,Wendi.Eckblad@gmail.com,police officer,608
708,Penelopa,Ailyn,Penelopa.Ailyn@yopmail.com,Penelopa.Ailyn@gmail.com,worker,609
709,Gretal,Suanne,Gretal.Suanne@yopmail.com,Gretal.Suanne@gmail.com,developer,610
710,Collen,Seagraves,Collen.Seagraves@yopmail.com,Collen.Seagraves@gmail.com,doctor,611
711,Lisette,Lauraine,Lisette.Lauraine@yopmail.com,Lisette.Lauraine@gmail.com,doctor,612
712,Sashenka,Luhe,Sashenka.Luhe@yopmail.com,Sashenka.Luhe@gmail.com,firefighter,613
713,Jsandye,LaRue,Jsandye.LaRue@yopmail.com,Jsandye.LaRue@gmail.com,firefighter,614
714,Trudie,Thomasina,Trudie.Thomasina@yopmail.com,Trudie.Thomasina@gmail.com,police officer,615
715,Myriam,Cloris,Myriam.Cloris@yopmail.com,Myriam.Cloris@gmail.com,doctor,616
716,Gusella,Germann,Gusella.Germann@yopmail.com,Gusella.Germann@gmail.com,doctor,617
717,Bee,Mike,Bee.Mike@yopmail.com,Bee.Mike@gmail.com,worker,618
718,Liana,Lalitta,Liana.Lalitta@yopmail.com,Liana.Lalitta@gmail.com,developer,619
719,Elise,Gwenore,Elise.Gwenore@yopmail.com,Elise.Gwenore@gmail.com,doctor,620
720,Myrtice,Bultman,Myrtice.Bultman@yopmail.com,Myrtice.Bultman@gmail.com,doctor,621
721,Vevay,Cloris,Vevay.Cloris@yopmail.com,Vevay.Cloris@gmail.com,firefighter,622
722,Tera,Sisile,Tera.Sisile@yopmail.com,Tera.Sisile@gmail.com,worker,623
723,Tamqrah,Uund,Tamqrah.Uund@yopmail.com,Tamqrah.Uund@gmail.com,developer,624
724,Brietta,Fitzsimmons,Brietta.Fitzsimmons@yopmail.com,Brietta.Fitzsimmons@gmail.com,worker,625
725,Kamilah,Pip,Kamilah.Pip@yopmail.com,Kamilah.Pip@gmail.com,police officer,626
726,Kary,Yerkovich,Kary.Yerkovich@yopmail.com,Kary.Yerkovich@gmail.com,worker,627
727,Gabi,Salchunas,Gabi.Salchunas@yopmail.com,Gabi.Salchunas@gmail.com,worker,628
728,Maye,Brian,Maye.Brian@yopmail.com,Maye.Brian@gmail.com,worker,629
729,Cathie,Philoo,Cathie.Philoo@yopmail.com,Cathie.Philoo@gmail.com,doctor,630
730,Violet,Bonucci,Violet.Bonucci@yopmail.com,Violet.Bonucci@gmail.com,worker,631
731,Petronia,Emmy,Petronia.Emmy@yopmail.com,Petronia.Emmy@gmail.com,worker,632
732,Nita,Fairweather,Nita.Fairweather@yopmail.com,Nita.Fairweather@gmail.com,worker,633
733,Rhoda,Karna,Rhoda.Karna@yopmail.com,Rhoda.Karna@gmail.com,developer,634
734,Hallie,Erb,Hallie.Erb@yopmail.com,Hallie.Erb@gmail.com,doctor,635
735,Wynne,Bennie,Wynne.Bennie@yopmail.com,Wynne.Bennie@gmail.com,worker,636
736,Ethel,Ranjiv,Ethel.Ranjiv@yopmail.com,Ethel.Ranjiv@gmail.com,firefighter,637
737,Marguerite,Kenney,Marguerite.Kenney@yopmail.com,Marguerite.Kenney@gmail.com,doctor,638
738,Donnie,Hoban,Donnie.Hoban@yopmail.com,Donnie.Hoban@gmail.com,police officer,639
739,Susan,Arne,Susan.Arne@yopmail.com,Susan.Arne@gmail.com,doctor,640
740,Coral,McNully,Coral.McNully@yopmail.com,Coral.McNully@gmail.com,doctor,641
741,Dorothy,Sisile,Dorothy.Sisile@yopmail.com,Dorothy.Sisile@gmail.com,worker,642
742,Jsandye,Goldina,Jsandye.Goldina@yopmail.com,Jsandye.Goldina@gmail.com,worker,643
743,Dotty,Kazimir,Dotty.Kazimir@yopmail.com,Dotty.Kazimir@gmail.com,doctor,644
744,Kalina,Plato,Kalina.Plato@yopmail.com,Kalina.Plato@gmail.com,police officer,645
745,Emmey,Reneta,Emmey.Reneta@yopmail.com,Emmey.Reneta@gmail.com,firefighter,646
746,Linzy,Jerald,Linzy.Jerald@yopmail.com,Linzy.Jerald@gmail.com,firefighter,647
747,Danny,Odell,Danny.Odell@yopmail.com,Danny.Odell@gmail.com,doctor,648
748,Bibby,Louanna,Bibby.Louanna@yopmail.com,Bibby.Louanna@gmail.com,developer,649
749,Yetty,Serilda,Yetty.Serilda@yopmail.com,Yetty.Serilda@gmail.com,developer,650
750,Ketti,Noelyn,Ketti.Noelyn@yopmail.com,Ketti.Noelyn@gmail.com,firefighter,651
751,Sadie,Travax,Sadie.Travax@yopmail.com,Sadie.Travax@gmail.com,developer,652
752,Zaria,Sundin,Zaria.Sundin@yopmail.com,Zaria.Sundin@gmail.com,doctor,653
753,Jacquetta,Raffo,Jacquetta.Raffo@yopmail.com,Jacquetta.Raffo@gmail.com,firefighter,654
754,Rayna,Magnolia,Rayna.Magnolia@yopmail.com,Rayna.Magnolia@gmail.com,firefighter,655
755,Teriann,Jerald,Teriann.Jerald@yopmail.com,Teriann.Jerald@gmail.com,worker,656
756,Quintina,Erlandson,Quintina.Erlandson@yopmail.com,Quintina.Erlandson@gmail.com,police officer,657
757,Lory,Auberbach,Lory.Auberbach@yopmail.com,Lory.Auberbach@gmail.com,firefighter,658
758,Jenda,Jehu,Jenda.Jehu@yopmail.com,Jenda.Jehu@gmail.com,developer,659
759,Ninnetta,Nerita,Ninnetta.Nerita@yopmail.com,Ninnetta.Nerita@gmail.com,firefighter,660
760,Kaja,Kellby,Kaja.Kellby@yopmail.com,Kaja.Kellby@gmail.com,firefighter,661
761,Bernardine,Doig,Bernardine.Doig@yopmail.com,Bernardine.Doig@gmail.com,worker,662
762,Ann-Marie,Maxi,Ann-Marie.Maxi@yopmail.com,Ann-Marie.Maxi@gmail.com,worker,663
763,Mureil,Noelyn,Mureil.Noelyn@yopmail.com,Mureil.Noelyn@gmail.com,doctor,664
764,Bee,Havens,Bee.Havens@yopmail.com,Bee.Havens@gmail.com,developer,665
765,Codie,Hubert,Codie.Hubert@yopmail.com,Codie.Hubert@gmail.com,developer,666
766,Liana,Alexandr,Liana.Alexandr@yopmail.com,Liana.Alexandr@gmail.com,doctor,667
767,Gloria,Wenda,Gloria.Wenda@yopmail.com,Gloria.Wenda@gmail.com,developer,668
768,Clo,Ries,Clo.Ries@yopmail.com,Clo.Ries@gmail.com,police officer,669
769,Ernesta,Bendick,Ernesta.Bendick@yopmail.com,Ernesta.Bendick@gmail.com,police officer,670
770,Concettina,Presber,Concettina.Presber@yopmail.com,Concettina.Presber@gmail.com,police officer,671
771,Vonny,Therine,Vonny.Therine@yopmail.com,Vonny.Therine@gmail.com,doctor,672
772,Melisent,Bahr,Melisent.Bahr@yopmail.com,Melisent.Bahr@gmail.com,police officer,673
773,Pierette,Wareing,Pierette.Wareing@yopmail.com,Pierette.Wareing@gmail.com,doctor,674
774,Beth,Birdella,Beth.Birdella@yopmail.com,Beth.Birdella@gmail.com,doctor,675
775,Petronia,Cohdwell,Petronia.Cohdwell@yopmail.com,Petronia.Cohdwell@gmail.com,developer,676
776,June,Toffic,June.Toffic@yopmail.com,June.Toffic@gmail.com,police officer,677
777,Sheree,Masao,Sheree.Masao@yopmail.com,Sheree.Masao@gmail.com,developer,678
778,Arlena,Jaylene,Arlena.Jaylene@yopmail.com,Arlena.Jaylene@gmail.com,police officer,679
779,Viviene,Nahum,Viviene.Nahum@yopmail.com,Viviene.Nahum@gmail.com,developer,680
780,Tobe,Garbe,Tobe.Garbe@yopmail.com,Tobe.Garbe@gmail.com,developer,681
781,Daune,Harned,Daune.Harned@yopmail.com,Daune.Harned@gmail.com,developer,682
782,Nikki,Morehouse,Nikki.Morehouse@yopmail.com,Nikki.Morehouse@gmail.com,firefighter,683
783,Arlina,Hull,Arlina.Hull@yopmail.com,Arlina.Hull@gmail.com,police officer,684
784,Lolita,Aida,Lolita.Aida@yopmail.com,Lolita.Aida@gmail.com,police officer,685
785,Celestyna,Engdahl,Celestyna.Engdahl@yopmail.com,Celestyna.Engdahl@gmail.com,worker,686
786,Zondra,Carolin,Zondra.Carolin@yopmail.com,Zondra.Carolin@gmail.com,developer,687
787,Laure,Madox,Laure.Madox@yopmail.com,Laure.Madox@gmail.com,developer,688
788,Siana,Hurley,Siana.Hurley@yopmail.com,Siana.Hurley@gmail.com,worker,689
789,Thalia,Kesley,Thalia.Kesley@yopmail.com,Thalia.Kesley@gmail.com,firefighter,690
790,Theodora,Geffner,Theodora.Geffner@yopmail.com,Theodora.Geffner@gmail.com,firefighter,691
791,Olivette,Persse,Olivette.Persse@yopmail.com,Olivette.Persse@gmail.com,police officer,692
792,Marita,Dudley,Marita.Dudley@yopmail.com,Marita.Dudley@gmail.com,police officer,693
793,Marti,Dituri,Marti.Dituri@yopmail.com,Marti.Dituri@gmail.com,worker,694
794,Laure,Aprile,Laure.Aprile@yopmail.com,Laure.Aprile@gmail.com,developer,695
795,Ronna,Anselmi,Ronna.Anselmi@yopmail.com,Ronna.Anselmi@gmail.com,worker,696
796,Cathyleen,Holtz,Cathyleen.Holtz@yopmail.com,Cathyleen.Holtz@gmail.com,developer,697
797,Mathilda,Pip,Mathilda.Pip@yopmail.com,Mathilda.Pip@gmail.com,police officer,698
798,Marline,Dituri,Marline.Dituri@yopmail.com,Marline.Dituri@gmail.com,worker,699
799,Lucille,Wooster,Lucille.Wooster@yopmail.com,Lucille.Wooster@gmail.com,firefighter,700
800,Ketti,O'Carroll,Ketti.O'Carroll@yopmail.com,Ketti.O'Carroll@gmail.com,developer,701
801,Hermione,Salchunas,Hermione.Salchunas@yopmail.com,Hermione.Salchunas@gmail.com,firefighter,702
802,Deedee,Sharl,Deedee.Sharl@yopmail.com,Deedee.Sharl@gmail.com,developer,703
803,Ayn,Cleavland,Ayn.Cleavland@yopmail.com,Ayn.Cleavland@gmail.com,developer,704
804,Marnia,Alejoa,Marnia.Alejoa@yopmail.com,Marnia.Alejoa@gmail.com,doctor,705
805,Marsiella,Whittaker,Marsiella.Whittaker@yopmail.com,Marsiella.Whittaker@gmail.com,police officer,706
806,Beatriz,Hailee,Beatriz.Hailee@yopmail.com,Beatriz.Hailee@gmail.com,worker,707
807,Meghann,Wiener,Meghann.Wiener@yopmail.com,Meghann.Wiener@gmail.com,worker,708
808,Leeanne,Toor,Leeanne.Toor@yopmail.com,Leeanne.Toor@gmail.com,worker,709
809,Michaelina,Center,Michaelina.Center@yopmail.com,Michaelina.Center@gmail.com,doctor,710
810,Pamella,Chauncey,Pamella.Chauncey@yopmail.com,Pamella.Chauncey@gmail.com,developer,711
811,Kylynn,Kamaria,Kylynn.Kamaria@yopmail.com,Kylynn.Kamaria@gmail.com,worker,712
812,Jobi,Kellby,Jobi.Kellby@yopmail.com,Jobi.Kellby@gmail.com,firefighter,713
813,Moyna,Riordan,Moyna.Riordan@yopmail.com,Moyna.Riordan@gmail.com,doctor,714
814,Paulita,Hubert,Paulita.Hubert@yopmail.com,Paulita.Hubert@gmail.com,doctor,715
815,Coral,Rhu,Coral.Rhu@yopmail.com,Coral.Rhu@gmail.com,firefighter,716
816,Clementine,Candy,Clementine.Candy@yopmail.com,Clementine.Candy@gmail.com,worker,717
817,Lolita,Flyn,Lolita.Flyn@yopmail.com,Lolita.Flyn@gmail.com,firefighter,718
818,Lilith,Scammon,Lilith.Scammon@yopmail.com,Lilith.Scammon@gmail.com,developer,719
819,Gavrielle,Jehu,Gavrielle.Jehu@yopmail.com,Gavrielle.Jehu@gmail.com,firefighter,720
820,Emma,Eben,Emma.Eben@yopmail.com,Emma.Eben@gmail.com,police officer,721
821,Carmencita,Si,Carmencita.Si@yopmail.com,Carmencita.Si@gmail.com,doctor,722
822,Jorry,Wu,Jorry.Wu@yopmail.com,Jorry.Wu@gmail.com,doctor,723
823,Patricia,Olin,Patricia.Olin@yopmail.com,Patricia.Olin@gmail.com,police officer,724
824,Kerrin,Thornburg,Kerrin.Thornburg@yopmail.com,Kerrin.Thornburg@gmail.com,firefighter,725
825,Heida,Elsinore,Heida.Elsinore@yopmail.com,Heida.Elsinore@gmail.com,firefighter,726
826,Donetta,Dyche,Donetta.Dyche@yopmail.com,Donetta.Dyche@gmail.com,developer,727
827,Rhoda,Yerkovich,Rhoda.Yerkovich@yopmail.com,Rhoda.Yerkovich@gmail.com,police officer,728
828,Kary,Bertold,Kary.Bertold@yopmail.com,Kary.Bertold@gmail.com,firefighter,729
829,Kalina,Michella,Kalina.Michella@yopmail.com,Kalina.Michella@gmail.com,doctor,730
830,Christy,Remmer,Christy.Remmer@yopmail.com,Christy.Remmer@gmail.com,developer,731
831,Helsa,Hepsibah,Helsa.Hepsibah@yopmail.com,Helsa.Hepsibah@gmail.com,developer,732
832,Emma,Vale,Emma.Vale@yopmail.com,Emma.Vale@gmail.com,doctor,733
833,Cyndie,Tamsky,Cyndie.Tamsky@yopmail.com,Cyndie.Tamsky@gmail.com,doctor,734
834,Amara,Thunell,Amara.Thunell@yopmail.com,Amara.Thunell@gmail.com,doctor,735
835,Robbi,Bethany,Robbi.Bethany@yopmail.com,Robbi.Bethany@gmail.com,doctor,736
836,Allyce,McCutcheon,Allyce.McCutcheon@yopmail.com,Allyce.McCutcheon@gmail.com,worker,737
837,Rochette,Fink,Rochette.Fink@yopmail.com,Rochette.Fink@gmail.com,doctor,738
838,Eolanda,Roarke,Eolanda.Roarke@yopmail.com,Eolanda.Roarke@gmail.com,developer,739
839,Allis,Durante,Allis.Durante@yopmail.com,Allis.Durante@gmail.com,firefighter,740
840,Valeda,Wattenberg,Valeda.Wattenberg@yopmail.com,Valeda.Wattenberg@gmail.com,worker,741
841,Gratia,Boehike,Gratia.Boehike@yopmail.com,Gratia.Boehike@gmail.com,doctor,742
842,Beatriz,Fillbert,Beatriz.Fillbert@yopmail.com,Beatriz.Fillbert@gmail.com,worker,743
843,Doralynne,Keelia,Doralynne.Keelia@yopmail.com,Doralynne.Keelia@gmail.com,firefighter,744
844,Cathie,Wattenberg,Cathie.Wattenberg@yopmail.com,Cathie.Wattenberg@gmail.com,developer,745
845,Valera,Weide,Valera.Weide@yopmail.com,Valera.Weide@gmail.com,doctor,746
846,Margalo,Peonir,Margalo.Peonir@yopmail.com,Margalo.Peonir@gmail.com,developer,747
847,Consuela,Bryna,Consuela.Bryna@yopmail.com,Consuela.Bryna@gmail.com,doctor,748
848,Barbara,Maisey,Barbara.Maisey@yopmail.com,Barbara.Maisey@gmail.com,doctor,749
849,Concettina,Phyllis,Concettina.Phyllis@yopmail.com,Concettina.Phyllis@gmail.com,doctor,750
850,Cissiee,Atonsah,Cissiee.Atonsah@yopmail.com,Cissiee.Atonsah@gmail.com,worker,751
851,Caritta,Whittaker,Caritta.Whittaker@yopmail.com,Caritta.Whittaker@gmail.com,developer,752
852,Rozele,Berard,Rozele.Berard@yopmail.com,Rozele.Berard@gmail.com,worker,753
853,June,Vharat,June.Vharat@yopmail.com,June.Vharat@gmail.com,police officer,754
854,Jany,Juliet,Jany.Juliet@yopmail.com,Jany.Juliet@gmail.com,police officer,755
855,Norine,Edee,Norine.Edee@yopmail.com,Norine.Edee@gmail.com,police officer,756
856,Christal,Dom,Christal.Dom@yopmail.com,Christal.Dom@gmail.com,doctor,757
857,Caryl,Wu,Caryl.Wu@yopmail.com,Caryl.Wu@gmail.com,firefighter,758
858,Doro,Lipson,Doro.Lipson@yopmail.com,Doro.Lipson@gmail.com,firefighter,759
859,Tobe,Dowski,Tobe.Dowski@yopmail.com,Tobe.Dowski@gmail.com,police officer,760
860,Noelle,Afton,Noelle.Afton@yopmail.com,Noelle.Afton@gmail.com,developer,761
861,Mariann,Tamar,Mariann.Tamar@yopmail.com,Mariann.Tamar@gmail.com,firefighter,762
862,Shel,Kare,Shel.Kare@yopmail.com,Shel.Kare@gmail.com,developer,763
863,Ayn,Leary,Ayn.Leary@yopmail.com,Ayn.Leary@gmail.com,developer,764
864,Susette,Olympium,Susette.Olympium@yopmail.com,Susette.Olympium@gmail.com,worker,765
865,Mary,Tufts,Mary.Tufts@yopmail.com,Mary.Tufts@gmail.com,worker,766
866,Ofilia,Bibi,Ofilia.Bibi@yopmail.com,Ofilia.Bibi@gmail.com,worker,767
867,Judy,Tayib,Judy.Tayib@yopmail.com,Judy.Tayib@gmail.com,police officer,768
868,Merci,Cleavland,Merci.Cleavland@yopmail.com,Merci.Cleavland@gmail.com,developer,769
869,Mellicent,Belanger,Mellicent.Belanger@yopmail.com,Mellicent.Belanger@gmail.com,developer,770
870,Sibella,Vorster,Sibella.Vorster@yopmail.com,Sibella.Vorster@gmail.com,police officer,771
871,Paola,Revkah,Paola.Revkah@yopmail.com,Paola.Revkah@gmail.com,worker,772
872,Chere,Henebry,Chere.Henebry@yopmail.com,Chere.Henebry@gmail.com,firefighter,773
873,Glenda,Bronk,Glenda.Bronk@yopmail.com,Glenda.Bronk@gmail.com,firefighter,774
874,Tiffie,Ummersen,Tiffie.Ummersen@yopmail.com,Tiffie.Ummersen@gmail.com,police officer,775
875,Heddie,Longfellow,Heddie.Longfellow@yopmail.com,Heddie.Longfellow@gmail.com,police officer,776
876,Merry,Sawtelle,Merry.Sawtelle@yopmail.com,Merry.Sawtelle@gmail.com,firefighter,777
877,Sharai,Behre,Sharai.Behre@yopmail.com,Sharai.Behre@gmail.com,police officer,778
878,Angela,O'Carroll,Angela.O'Carroll@yopmail.com,Angela.O'Carroll@gmail.com,doctor,779
879,Marline,Avi,Marline.Avi@yopmail.com,Marline.Avi@gmail.com,doctor,780
880,Adele,Federica,Adele.Federica@yopmail.com,Adele.Federica@gmail.com,doctor,781
881,Jackie,Capello,Jackie.Capello@yopmail.com,Jackie.Capello@gmail.com,developer,782
882,Dennie,Ursulette,Dennie.Ursulette@yopmail.com,Dennie.Ursulette@gmail.com,developer,783
883,Dede,Seumas,Dede.Seumas@yopmail.com,Dede.Seumas@gmail.com,worker,784
884,Julieta,Gherardo,Julieta.Gherardo@yopmail.com,Julieta.Gherardo@gmail.com,firefighter,785
885,Margalo,Sherrie,Margalo.Sherrie@yopmail.com,Margalo.Sherrie@gmail.com,worker,786
886,Teriann,Stoller,Teriann.Stoller@yopmail.com,Teriann.Stoller@gmail.com,firefighter,787
887,Stevana,Urania,Stevana.Urania@yopmail.com,Stevana.Urania@gmail.com,developer,788
888,Mireielle,Telfer,Mireielle.Telfer@yopmail.com,Mireielle.Telfer@gmail.com,firefighter,789
889,Mariele,Toor,Mariele.Toor@yopmail.com,Mariele.Toor@gmail.com,firefighter,790
890,Jorry,Fry,Jorry.Fry@yopmail.com,Jorry.Fry@gmail.com,firefighter,791
891,Brynna,Natica,Brynna.Natica@yopmail.com,Brynna.Natica@gmail.com,police officer,792
892,Madelle,Naashom,Madelle.Naashom@yopmail.com,Madelle.Naashom@gmail.com,worker,793
893,Mamie,Nedrud,Mamie.Nedrud@yopmail.com,Mamie.Nedrud@gmail.com,firefighter,794
894,Karena,Noelyn,Karena.Noelyn@yopmail.com,Karena.Noelyn@gmail.com,doctor,795
895,Madelle,Trinetta,Madelle.Trinetta@yopmail.com,Madelle.Trinetta@gmail.com,firefighter,796
896,Jacquetta,Grobe,Jacquetta.Grobe@yopmail.com,Jacquetta.Grobe@gmail.com,worker,797
897,Nikki,Anyah,Nikki.Anyah@yopmail.com,Nikki.Anyah@gmail.com,police officer,798
898,Janeczka,Arathorn,Janeczka.Arathorn@yopmail.com,Janeczka.Arathorn@gmail.com,police officer,799
899,Ericka,Glovsky,Ericka.Glovsky@yopmail.com,Ericka.Glovsky@gmail.com,firefighter,800
900,Janeczka,Eno,Janeczka.Eno@yopmail.com,Janeczka.Eno@gmail.com,worker,801
901,Wanda,Susannah,Wanda.Susannah@yopmail.com,Wanda.Susannah@gmail.com,developer,802
902,Isa,Strephon,Isa.Strephon@yopmail.com,Isa.Strephon@gmail.com,firefighter,803
903,Kassey,Brodench,Kassey.Brodench@yopmail.com,Kassey.Brodench@gmail.com,developer,804
904,Pierette,Denis,Pierette.Denis@yopmail.com,Pierette.Denis@gmail.com,firefighter,805
905,Pollyanna,Ahab,Pollyanna.Ahab@yopmail.com,Pollyanna.Ahab@gmail.com,firefighter,806
906,Zsa Zsa,Melan,Zsa Zsa.Melan@yopmail.com,Zsa Zsa.Melan@gmail.com,firefighter,807
907,Gusella,Bohlin,Gusella.Bohlin@yopmail.com,Gusella.Bohlin@gmail.com,police officer,808
908,Evaleen,Lilybelle,Evaleen.Lilybelle@yopmail.com,Evaleen.Lilybelle@gmail.com,developer,809
909,Gabriellia,Rese,Gabriellia.Rese@yopmail.com,Gabriellia.Rese@gmail.com,worker,810
910,Antonietta,Ahab,Antonietta.Ahab@yopmail.com,Antonietta.Ahab@gmail.com,doctor,811
911,Gilligan,Zetta,Gilligan.Zetta@yopmail.com,Gilligan.Zetta@gmail.com,police officer,812
912,Aryn,Silvan,Aryn.Silvan@yopmail.com,Aryn.Silvan@gmail.com,doctor,813
913,Deloria,Goth,Deloria.Goth@yopmail.com,Deloria.Goth@gmail.com,worker,814
914,Alex,O'Rourke,Alex.O'Rourke@yopmail.com,Alex.O'Rourke@gmail.com,doctor,815
915,Rayna,Pelagias,Rayna.Pelagias@yopmail.com,Rayna.Pelagias@gmail.com,worker,816
916,Olwen,Pip,Olwen.Pip@yopmail.com,Olwen.Pip@gmail.com,firefighter,817
917,Josephine,Fiann,Josephine.Fiann@yopmail.com,Josephine.Fiann@gmail.com,police officer,818
918,Correy,Pelagias,Correy.Pelagias@yopmail.com,Correy.Pelagias@gmail.com,doctor,819
919,Deedee,Clie,Deedee.Clie@yopmail.com,Deedee.Clie@gmail.com,doctor,820
920,Roxane,Afton,Roxane.Afton@yopmail.com,Roxane.Afton@gmail.com,developer,821
921,Xylina,Hertzfeld,Xylina.Hertzfeld@yopmail.com,Xylina.Hertzfeld@gmail.com,police officer,822
922,Shell,Kaete,Shell.Kaete@yopmail.com,Shell.Kaete@gmail.com,doctor,823
923,Blinni,Zola,Blinni.Zola@yopmail.com,Blinni.Zola@gmail.com,worker,824
924,Etta,Thar,Etta.Thar@yopmail.com,Etta.Thar@gmail.com,developer,825
925,Lulita,Lauraine,Lulita.Lauraine@yopmail.com,Lulita.Lauraine@gmail.com,developer,826
926,Alexine,Hilbert,Alexine.Hilbert@yopmail.com,Alexine.Hilbert@gmail.com,developer,827
927,Ellette,Ajay,Ellette.Ajay@yopmail.com,Ellette.Ajay@gmail.com,doctor,828
928,Kirbee,Westphal,Kirbee.Westphal@yopmail.com,Kirbee.Westphal@gmail.com,worker,829
929,Lolita,Hepsibah,Lolita.Hepsibah@yopmail.com,Lolita.Hepsibah@gmail.com,worker,830
930,Vevay,Dorine,Vevay.Dorine@yopmail.com,Vevay.Dorine@gmail.com,developer,831
931,Augustine,Hedve,Augustine.Hedve@yopmail.com,Augustine.Hedve@gmail.com,doctor,832
932,Delilah,Bari,Delilah.Bari@yopmail.com,Delilah.Bari@gmail.com,doctor,833
933,Gabi,Jerald,Gabi.Jerald@yopmail.com,Gabi.Jerald@gmail.com,police officer,834
934,Joelly,Jary,Joelly.Jary@yopmail.com,Joelly.Jary@gmail.com,firefighter,835
935,Viviene,Waite,Viviene.Waite@yopmail.com,Viviene.Waite@gmail.com,developer,836
936,Helsa,Sundin,Helsa.Sundin@yopmail.com,Helsa.Sundin@gmail.com,doctor,837
937,Rubie,Francyne,Rubie.Francyne@yopmail.com,Rubie.Francyne@gmail.com,firefighter,838
938,Noelle,Trace,Noelle.Trace@yopmail.com,Noelle.Trace@gmail.com,worker,839
939,Kate,Kress,Kate.Kress@yopmail.com,Kate.Kress@gmail.com,developer,840
940,Alameda,Bari,Alameda.Bari@yopmail.com,Alameda.Bari@gmail.com,police officer,841
941,Nonnah,Emerson,Nonnah.Emerson@yopmail.com,Nonnah.Emerson@gmail.com,developer,842
942,Shel,Goth,Shel.Goth@yopmail.com,Shel.Goth@gmail.com,firefighter,843
943,Ekaterina,O'Carroll,Ekaterina.O'Carroll@yopmail.com,Ekaterina.O'Carroll@gmail.com,developer,844
944,Alameda,Valoniah,Alameda.Valoniah@yopmail.com,Alameda.Valoniah@gmail.com,developer,845
945,Grier,Wandie,Grier.Wandie@yopmail.com,Grier.Wandie@gmail.com,developer,846
946,Kimmy,Chaing,Kimmy.Chaing@yopmail.com,Kimmy.Chaing@gmail.com,worker,847
947,Clarice,Erb,Clarice.Erb@yopmail.com,Clarice.Erb@gmail.com,police officer,848
948,Albertina,Sidonius,Albertina.Sidonius@yopmail.com,Albertina.Sidonius@gmail.com,police officer,849
949,Jan,Linehan,Jan.Linehan@yopmail.com,Jan.Linehan@gmail.com,developer,850
950,Vere,Eachern,Vere.Eachern@yopmail.com,Vere.Eachern@gmail.com,firefighter,851
951,Roxane,Nisbet,Roxane.Nisbet@yopmail.com,Roxane.Nisbet@gmail.com,worker,852
952,Cordi,Franza,Cordi.Franza@yopmail.com,Cordi.Franza@gmail.com,developer,853
953,Cherrita,Eliathas,Cherrita.Eliathas@yopmail.com,Cherrita.Eliathas@gmail.com,doctor,854
954,Shaine,Pattin,Shaine.Pattin@yopmail.com,Shaine.Pattin@gmail.com,worker,855
955,Lynnea,Emanuel,Lynnea.Emanuel@yopmail.com,Lynnea.Emanuel@gmail.com,police officer,856
956,Aimil,Mata,Aimil.Mata@yopmail.com,Aimil.Mata@gmail.com,worker,857
957,Alyda,Tjon,Alyda.Tjon@yopmail.com,Alyda.Tjon@gmail.com,worker,858
958,Millie,Hull,Millie.Hull@yopmail.com,Millie.Hull@gmail.com,developer,859
959,Constance,Guildroy,Constance.Guildroy@yopmail.com,Constance.Guildroy@gmail.com,worker,860
960,Hallie,Infield,Hallie.Infield@yopmail.com,Hallie.Infield@gmail.com,developer,861
961,Laurene,Yorick,Laurene.Yorick@yopmail.com,Laurene.Yorick@gmail.com,developer,862
962,Ebonee,Lubin,Ebonee.Lubin@yopmail.com,Ebonee.Lubin@gmail.com,doctor,863
963,Elie,Hebner,Elie.Hebner@yopmail.com,Elie.Hebner@gmail.com,developer,864
964,Celisse,Olympium,Celisse.Olympium@yopmail.com,Celisse.Olympium@gmail.com,developer,865
965,Sophia,Bronk,Sophia.Bronk@yopmail.com,Sophia.Bronk@gmail.com,worker,866
966,Ruthe,Drisko,Ruthe.Drisko@yopmail.com,Ruthe.Drisko@gmail.com,developer,867
967,Cissiee,Shirberg,Cissiee.Shirberg@yopmail.com,Cissiee.Shirberg@gmail.com,worker,868
968,Mignon,Kaja,Mignon.Kaja@yopmail.com,Mignon.Kaja@gmail.com,police officer,869
969,Darci,Reneta,Darci.Reneta@yopmail.com,Darci.Reneta@gmail.com,firefighter,870
970,Hollie,Lareena,Hollie.Lareena@yopmail.com,Hollie.Lareena@gmail.com,developer,871
971,Tera,Stuart,Tera.Stuart@yopmail.com,Tera.Stuart@gmail.com,police officer,872
972,Siana,Bebe,Siana.Bebe@yopmail.com,Siana.Bebe@gmail.com,doctor,873
973,Dari,Katrine,Dari.Katrine@yopmail.com,Dari.Katrine@gmail.com,developer,874
974,Corina,Jefferey,Corina.Jefferey@yopmail.com,Corina.Jefferey@gmail.com,doctor,875
975,Jany,Bigner,Jany.Bigner@yopmail.com,Jany.Bigner@gmail.com,worker,876
976,Myriam,Sprage,Myriam.Sprage@yopmail.com,Myriam.Sprage@gmail.com,worker,877
977,Diena,Marisa,Diena.Marisa@yopmail.com,Diena.Marisa@gmail.com,police officer,878
978,Miquela,Auberbach,Miquela.Auberbach@yopmail.com,Miquela.Auberbach@gmail.com,police officer,879
979,Sonni,Brian,Sonni.Brian@yopmail.com,Sonni.Brian@gmail.com,doctor,880
980,Minne,Irmine,Minne.Irmine@yopmail.com,Minne.Irmine@gmail.com,developer,881
981,Susan,Voletta,Susan.Voletta@yopmail.com,Susan.Voletta@gmail.com,doctor,882
982,Lolita,Suanne,Lolita.Suanne@yopmail.com,Lolita.Suanne@gmail.com,police officer,883
983,Darci,Capello,Darci.Capello@yopmail.com,Darci.Capello@gmail.com,doctor,884
984,Kittie,Gert,Kittie.Gert@yopmail.com,Kittie.Gert@gmail.com,worker,885
985,Jan,Saint,Jan.Saint@yopmail.com,Jan.Saint@gmail.com,developer,886
986,Chickie,Ahab,Chickie.Ahab@yopmail.com,Chickie.Ahab@gmail.com,firefighter,887
987,Rebeca,Jerald,Rebeca.Jerald@yopmail.com,Rebeca.Jerald@gmail.com,worker,888
988,Claudina,Fredi,Claudina.Fredi@yopmail.com,Claudina.Fredi@gmail.com,worker,889
989,Aurelie,Read,Aurelie.Read@yopmail.com,Aurelie.Read@gmail.com,doctor,890
990,Amalie,Elbertina,Amalie.Elbertina@yopmail.com,Amalie.Elbertina@gmail.com,developer,891
991,Dawn,Lumbard,Dawn.Lumbard@yopmail.com,Dawn.Lumbard@gmail.com,firefighter,892
992,Shannah,Engdahl,Shannah.Engdahl@yopmail.com,Shannah.Engdahl@gmail.com,worker,893
993,Laurene,Eben,Laurene.Eben@yopmail.com,Laurene.Eben@gmail.com,developer,894
994,Marita,Freddi,Marita.Freddi@yopmail.com,Marita.Freddi@gmail.com,firefighter,895
995,Isa,Meli,Isa.Meli@yopmail.com,Isa.Meli@gmail.com,police officer,896
996,Tybie,Dannye,Tybie.Dannye@yopmail.com,Tybie.Dannye@gmail.com,doctor,897
997,Deloria,Rustice,Deloria.Rustice@yopmail.com,Deloria.Rustice@gmail.com,police officer,898
998,Melisent,Berl,Melisent.Berl@yopmail.com,Melisent.Berl@gmail.com,police officer,899
999,Blinni,Martguerita,Blinni.Martguerita@yopmail.com,Blinni.Martguerita@gmail.com,worker,900
1000,Gui,Goth,Gui.Goth@yopmail.com,Gui.Goth@gmail.com,doctor,901
1001,Gloria,Bearnard,Gloria.Bearnard@yopmail.com,Gloria.Bearnard@gmail.com,developer,902
1002,Diena,Braun,Diena.Braun@yopmail.com,Diena.Braun@gmail.com,doctor,903
1003,Lorenza,Wolfgram,Lorenza.Wolfgram@yopmail.com,Lorenza.Wolfgram@gmail.com,developer,904
1004,Charlena,Elisha,Charlena.Elisha@yopmail.com,Charlena.Elisha@gmail.com,doctor,905
1005,Diena,Uird,Diena.Uird@yopmail.com,Diena.Uird@gmail.com,doctor,906
1006,Margette,Sperling,Margette.Sperling@yopmail.com,Margette.Sperling@gmail.com,firefighter,907
1007,Nonnah,Selway,Nonnah.Selway@yopmail.com,Nonnah.Selway@gmail.com,doctor,908
1008,Gwyneth,Arley,Gwyneth.Arley@yopmail.com,Gwyneth.Arley@gmail.com,worker,909
1009,Drucie,Fry,Drucie.Fry@yopmail.com,Drucie.Fry@gmail.com,firefighter,910
1010,Yetty,Lasley,Yetty.Lasley@yopmail.com,Yetty.Lasley@gmail.com,developer,911
1011,Netty,Rozanna,Netty.Rozanna@yopmail.com,Netty.Rozanna@gmail.com,developer,912
1012,Mara,Hamil,Mara.Hamil@yopmail.com,Mara.Hamil@gmail.com,worker,913
1013,Wynne,Prober,Wynne.Prober@yopmail.com,Wynne.Prober@gmail.com,worker,914
1014,Kerrin,Bonucci,Kerrin.Bonucci@yopmail.com,Kerrin.Bonucci@gmail.com,doctor,915
1015,Elsie,Nunci,Elsie.Nunci@yopmail.com,Elsie.Nunci@gmail.com,firefighter,916
1016,Kary,Colyer,Kary.Colyer@yopmail.com,Kary.Colyer@gmail.com,firefighter,917
1017,Angelique,Jaylene,Angelique.Jaylene@yopmail.com,Angelique.Jaylene@gmail.com,doctor,918
1018,Rosaline,Hanleigh,Rosaline.Hanleigh@yopmail.com,Rosaline.Hanleigh@gmail.com,developer,919
1019,Briney,Palocz,Briney.Palocz@yopmail.com,Briney.Palocz@gmail.com,worker,920
1020,Shauna,Schalles,Shauna.Schalles@yopmail.com,Shauna.Schalles@gmail.com,worker,921
1021,Marguerite,Carey,Marguerite.Carey@yopmail.com,Marguerite.Carey@gmail.com,doctor,922
1022,Calla,Kelula,Calla.Kelula@yopmail.com,Calla.Kelula@gmail.com,firefighter,923
1023,Augustine,Ashok,Augustine.Ashok@yopmail.com,Augustine.Ashok@gmail.com,firefighter,924
1024,Krystle,Juan,Krystle.Juan@yopmail.com,Krystle.Juan@gmail.com,firefighter,925
1025,Minne,Drus,Minne.Drus@yopmail.com,Minne.Drus@gmail.com,developer,926
1026,Devina,Burch,Devina.Burch@yopmail.com,Devina.Burch@gmail.com,firefighter,927
1027,Raf,Alabaster,Raf.Alabaster@yopmail.com,Raf.Alabaster@gmail.com,doctor,928
1028,Kary,Ries,Kary.Ries@yopmail.com,Kary.Ries@gmail.com,firefighter,929
1029,Veda,Colleen,Veda.Colleen@yopmail.com,Veda.Colleen@gmail.com,doctor,930
1030,Alie,Artie,Alie.Artie@yopmail.com,Alie.Artie@gmail.com,doctor,931
1031,Laurene,Lutero,Laurene.Lutero@yopmail.com,Laurene.Lutero@gmail.com,firefighter,932
1032,Augustine,Natalia,Augustine.Natalia@yopmail.com,Augustine.Natalia@gmail.com,firefighter,933
1033,Hettie,Haymes,Hettie.Haymes@yopmail.com,Hettie.Haymes@gmail.com,firefighter,934
1034,Anallese,Aldric,Anallese.Aldric@yopmail.com,Anallese.Aldric@gmail.com,worker,935
1035,Ebonee,Tice,Ebonee.Tice@yopmail.com,Ebonee.Tice@gmail.com,doctor,936
1036,Therine,Berriman,Therine.Berriman@yopmail.com,Therine.Berriman@gmail.com,worker,937
1037,Petronia,Kinnard,Petronia.Kinnard@yopmail.com,Petronia.Kinnard@gmail.com,worker,938
1038,Cacilie,Raama,Cacilie.Raama@yopmail.com,Cacilie.Raama@gmail.com,developer,939
1039,Shell,Flita,Shell.Flita@yopmail.com,Shell.Flita@gmail.com,worker,940
1040,Christy,Munn,Christy.Munn@yopmail.com,Christy.Munn@gmail.com,police officer,941
1041,Dulcinea,Burkle,Dulcinea.Burkle@yopmail.com,Dulcinea.Burkle@gmail.com,doctor,942
1042,Jobi,Aprile,Jobi.Aprile@yopmail.com,Jobi.Aprile@gmail.com,worker,943
1043,Antonietta,Adamsen,Antonietta.Adamsen@yopmail.com,Antonietta.Adamsen@gmail.com,developer,944
1044,Lisette,Suzetta,Lisette.Suzetta@yopmail.com,Lisette.Suzetta@gmail.com,doctor,945
1045,Doro,Nore,Doro.Nore@yopmail.com,Doro.Nore@gmail.com,police officer,946
1046,Adelle,Hylan,Adelle.Hylan@yopmail.com,Adelle.Hylan@gmail.com,doctor,947
1047,Josephine,Roche,Josephine.Roche@yopmail.com,Josephine.Roche@gmail.com,doctor,948
1048,Josephine,Ivens,Josephine.Ivens@yopmail.com,Josephine.Ivens@gmail.com,developer,949
1049,Aurore,Clarissa,Aurore.Clarissa@yopmail.com,Aurore.Clarissa@gmail.com,firefighter,950
1050,Roz,Justinn,Roz.Justinn@yopmail.com,Roz.Justinn@gmail.com,police officer,951
1051,Kirbee,Lucienne,Kirbee.Lucienne@yopmail.com,Kirbee.Lucienne@gmail.com,police officer,952
1052,Ira,Gaulin,Ira.Gaulin@yopmail.com,Ira.Gaulin@gmail.com,police officer,953
1053,Valli,Lea,Valli.Lea@yopmail.com,Valli.Lea@gmail.com,doctor,954
1054,Lacie,Gaal,Lacie.Gaal@yopmail.com,Lacie.Gaal@gmail.com,police officer,955
1055,Reeba,Girardo,Reeba.Girardo@yopmail.com,Reeba.Girardo@gmail.com,police officer,956
1056,Reeba,Sherfield,Reeba.Sherfield@yopmail.com,Reeba.Sherfield@gmail.com,firefighter,957
1057,Elyssa,Jaylene,Elyssa.Jaylene@yopmail.com,Elyssa.Jaylene@gmail.com,developer,958
1058,Yolane,Hutchison,Yolane.Hutchison@yopmail.com,Yolane.Hutchison@gmail.com,doctor,959
1059,Blondelle,Lorenz,Blondelle.Lorenz@yopmail.com,Blondelle.Lorenz@gmail.com,firefighter,960
1060,Netty,Lamoree,Netty.Lamoree@yopmail.com,Netty.Lamoree@gmail.com,worker,961
1061,Tarra,Henebry,Tarra.Henebry@yopmail.com,Tarra.Henebry@gmail.com,firefighter,962
1062,Hope,Travax,Hope.Travax@yopmail.com,Hope.Travax@gmail.com,police officer,963
1063,Perry,Ailyn,Perry.Ailyn@yopmail.com,Perry.Ailyn@gmail.com,firefighter,964
1064,Marylou,Suanne,Marylou.Suanne@yopmail.com,Marylou.Suanne@gmail.com,doctor,965
1065,Babita,Mullane,Babita.Mullane@yopmail.com,Babita.Mullane@gmail.com,worker,966
1066,Valeda,Hillel,Valeda.Hillel@yopmail.com,Valeda.Hillel@gmail.com,developer,967
1067,Kayla,Alfons,Kayla.Alfons@yopmail.com,Kayla.Alfons@gmail.com,firefighter,968
1068,Deloria,Lareena,Deloria.Lareena@yopmail.com,Deloria.Lareena@gmail.com,worker,969
1069,Tressa,Chesna,Tressa.Chesna@yopmail.com,Tressa.Chesna@gmail.com,worker,970
1070,Shaine,Vivle,Shaine.Vivle@yopmail.com,Shaine.Vivle@gmail.com,doctor,971
1071,Celene,Sigfrid,Celene.Sigfrid@yopmail.com,Celene.Sigfrid@gmail.com,doctor,972
1072,Joceline,Jethro,Joceline.Jethro@yopmail.com,Joceline.Jethro@gmail.com,firefighter,973
1073,Andree,Soneson,Andree.Soneson@yopmail.com,Andree.Soneson@gmail.com,firefighter,974
1074,Tarra,Jacobah,Tarra.Jacobah@yopmail.com,Tarra.Jacobah@gmail.com,developer,975
1075,Micheline,Ranjiv,Micheline.Ranjiv@yopmail.com,Micheline.Ranjiv@gmail.com,doctor,976
1076,Angelique,Lorenz,Angelique.Lorenz@yopmail.com,Angelique.Lorenz@gmail.com,police officer,977
1077,Di,Lubin,Di.Lubin@yopmail.com,Di.Lubin@gmail.com,doctor,978
1078,Karlee,Whittaker,Karlee.Whittaker@yopmail.com,Karlee.Whittaker@gmail.com,police officer,979
1079,Fawne,Anton,Fawne.Anton@yopmail.com,Fawne.Anton@gmail.com,firefighter,980
1080,Hollie,Holtz,Hollie.Holtz@yopmail.com,Hollie.Holtz@gmail.com,firefighter,981
1081,Eugine,Hepsibah,Eugine.Hepsibah@yopmail.com,Eugine.Hepsibah@gmail.com,developer,982
1082,Jessamyn,Roscoe,Jessamyn.Roscoe@yopmail.com,Jessamyn.Roscoe@gmail.com,worker,983
1083,Laure,Norvol,Laure.Norvol@yopmail.com,Laure.Norvol@gmail.com,doctor,984
1084,Jacenta,Kare,Jacenta.Kare@yopmail.com,Jacenta.Kare@gmail.com,worker,985
1085,Moyna,Tiffa,Moyna.Tiffa@yopmail.com,Moyna.Tiffa@gmail.com,doctor,986
1086,Pierette,Margret,Pierette.Margret@yopmail.com,Pierette.Margret@gmail.com,police officer,987
1087,Shannah,Regan,Shannah.Regan@yopmail.com,Shannah.Regan@gmail.com,firefighter,988
1088,Rayna,Riva,Rayna.Riva@yopmail.com,Rayna.Riva@gmail.com,worker,989
1089,Constance,Even,Constance.Even@yopmail.com,Constance.Even@gmail.com,worker,990
1090,Delilah,Sallyann,Delilah.Sallyann@yopmail.com,Delilah.Sallyann@gmail.com,police officer,991
1091,Linzy,Aida,Linzy.Aida@yopmail.com,Linzy.Aida@gmail.com,worker,992
1092,Rhoda,Donell,Rhoda.Donell@yopmail.com,Rhoda.Donell@gmail.com,doctor,993
1093,Chandra,Tremayne,Chandra.Tremayne@yopmail.com,Chandra.Tremayne@gmail.com,police officer,994
1094,Shaine,Pauly,Shaine.Pauly@yopmail.com,Shaine.Pauly@gmail.com,firefighter,995
1095,Gerrie,Willie,Gerrie.Willie@yopmail.com,Gerrie.Willie@gmail.com,police officer,996
1096,Rosaline,Shields,Rosaline.Shields@yopmail.com,Rosaline.Shields@gmail.com,worker,997
1097,Mariann,Blake,Mariann.Blake@yopmail.com,Mariann.Blake@gmail.com,worker,998
1098,Viviene,Pattin,Viviene.Pattin@yopmail.com,Viviene.Pattin@gmail.com,worker,999
1099,Jasmina,Brotherson,Jasmina.Brotherson@yopmail.com,Jasmina.Brotherson@gmail.com,firefighter,1000